Date,Open,High,Low,Close,Volume,EF_1,EF_2,Oil FutureTrend,Gold FutureTrend,Trend,Twitter Sentiments,FutureTrend
02/07/2018,22.54000092,22.86000061,22.37999916,22.86000061,5855900,1,1.419696903,Positive,Negative,Positive,0,Positive
03/07/2018,22.92000008,22.93000031,22.54999924,22.59000015,3619200,0.105265271,-1.439790238,Neutral,Neutral,Negative,0,Negative
05/07/2018,22.81999969,22.98999977,22.45000076,22.75,7158600,0.555555163,-0.306747133,Negative,Positive,Negative,0,Negative
06/07/2018,22.78000069,23.21999931,22.60000038,23.01000023,5375100,0.661291216,1.009655554,Negative,Negative,Positive,0,Negative
09/07/2018,23.13999939,23.44000053,23.01000023,23.37000084,7057100,0.837210128,0.993956161,Negative,Positive,Positive,0,Negative
10/07/2018,23.36000061,23.96999931,23.36000061,23.87000084,10481600,0.836067727,2.183220101,Positive,Positive,Positive,0,Positive
11/07/2018,23.64999962,23.70999908,23.04999924,23.05999947,6833500,0.015151865,-2.494715273,Positive,Negative,Negative,0,Negative
12/07/2018,23.28000069,23.62000084,23.21999931,23.53000069,6345400,0.775000477,1.07388313,Negative,Positive,Positive,0,Negative
13/07/2018,23.30999947,23.77000046,23.29999924,23.70999908,5150200,0.872337835,1.716000119,Positive,Positive,Positive,0,Positive
16/07/2018,23.69000053,23.73999977,23.51000023,23.56999969,3791500,0.260867762,-0.506546376,Negative,Positive,Negative,0,Negative
17/07/2018,23.37999916,23.71999931,23.37999916,23.59000015,4094700,0.617649699,0.898207867,Negative,Negative,Positive,0,Positive
18/07/2018,23.60000038,23.68000031,23.31999969,23.53000069,6467400,0.583335099,-0.296608872,Negative,Positive,Negative,0,Positive
19/07/2018,23.39999962,23.53000069,23.17000008,23.19000053,6056000,0.055556733,-0.897432,Negative,Negative,Negative,0,Positive
20/07/2018,23.19000053,23.20000076,22.88999939,22.94000053,6919000,0.1612933,-1.078050859,Positive,Positive,Negative,0,Negative
23/07/2018,22.87000084,23.14999962,22.65999985,23.04000092,5596300,0.775512746,0.743332182,Negative,Positive,Positive,0,Positive
24/07/2018,23.25,23.45000076,22.89999962,22.98999977,7192200,0.163636301,-1.118280554,Negative,Negative,Negative,0,Negative
25/07/2018,22.90999985,23.30999947,22.90999985,23.29000092,5854100,0.950003576,1.658669012,Negative,Positive,Positive,0,Negative
26/07/2018,23.21999931,23.64999962,23.21999931,23.45000076,6452300,0.534886712,0.990531681,Positive,Positive,Positive,0,Positive
27/07/2018,23.45000076,23.54999924,23.11000061,23.22999954,4729700,0.272725696,-0.938171486,Negative,Positive,Negative,0,Positive
30/07/2018,23.25,23.38999939,22.96999931,23.10000038,4268300,0.309526296,-0.64515965,Positive,Negative,Negative,0,Positive
31/07/2018,23.12000084,23.21999931,23.04999924,23.07999992,6092600,0.176474548,-0.173014334,Positive,Positive,Negative,0,Positive
01/08/2018,23.13999939,23.29999924,22.95999908,23.01000023,4344500,0.147062123,-0.561794141,Negative,Positive,Negative,0,Negative
02/08/2018,22.88999939,23.26000023,22.88999939,23.20999908,5254300,0.864862078,1.397989093,Positive,Negative,Positive,0,Negative
03/08/2018,23.26000023,23.48999977,23.21999931,23.34000015,5092800,0.444446799,0.34393776,Negative,Positive,Positive,0,Negative
06/08/2018,23.28000069,23.82999992,23.28000069,23.73999977,5649700,0.836363132,1.975941026,Negative,Negative,Positive,0,Negative
07/08/2018,23.82999992,24.07999992,23.79999924,23.98999977,6311700,0.678571672,0.671421938,Positive,Negative,Positive,0,Negative
08/08/2018,23.97999954,24.25,23.93000031,24.13999939,5567800,0.656247765,0.667222062,Positive,Positive,Positive,0,Positive
09/08/2018,24.12999916,24.31999969,24.04999924,24.07999992,4837000,0.111113466,-0.207207786,Negative,Positive,Negative,0,Positive
10/08/2018,23.90999985,24.09000015,23.90999985,23.98999977,5335900,0.444443267,0.334587722,Positive,Positive,Positive,0,Positive
13/08/2018,24.04999924,24.15999985,23.79000092,23.79999924,4631500,0.027022569,-1.039501072,Positive,Negative,Negative,0,Negative
14/08/2018,23.93000031,24.25,23.93000031,24.14999962,5071400,0.68749851,0.919345218,Positive,Positive,Positive,0,Positive
15/08/2018,23.90999985,24.09000015,23.87999916,24.03000069,6318700,0.714289607,0.501885571,Negative,Positive,Positive,0,Negative
16/08/2018,24.18000031,24.29000092,24.05999947,24.13999939,6125700,0.347823563,-0.165429756,Negative,Negative,Negative,0,Negative
17/08/2018,24.07999992,24.62000084,24.06999969,24.54000092,7524400,0.854545896,1.910303128,Negative,Negative,Positive,0,Neutral
20/08/2018,24.54000092,24.79999924,24.45000076,24.54000092,6085600,0.257144414,0,Negative,Negative,Neutral,0,Positive
21/08/2018,24.60000038,24.72999954,24.35000038,24.48999977,8179200,0.36842026,-0.447156946,Negative,Negative,Negative,0,Neutral
22/08/2018,24.45999908,24.62999916,24.25,24.48999977,5273800,0.63157974,0.122652035,Positive,Positive,Positive,0,Negative
23/08/2018,24.5,24.70999908,24.47999954,24.62999916,8162100,0.652173552,0.530608819,Negative,Negative,Positive,0,Positive
24/08/2018,24,24.37999916,23.68000031,24.14999962,12857900,0.671428688,0.624998411,Negative,Negative,Positive,0,Negative
27/08/2018,24.38999939,24.55999947,24.27000046,24.32999992,6600000,0.206895418,-0.246000277,Positive,Positive,Negative,0,Negative
28/08/2018,24.44000053,24.59000015,24.30999947,24.48999977,5619700,0.642856656,0.204579525,Negative,Positive,Positive,0,Negative
29/08/2018,24.54999924,25.28000069,24.51000023,25.07999992,11216200,0.740258904,2.158862334,Negative,Positive,Positive,0,Positive
30/08/2018,25.04000092,25.26000023,24.69000053,24.72999954,9607900,0.070173736,-1.238024608,Positive,Negative,Negative,0,Positive
31/08/2018,24.55999947,24.72999954,24.42000008,24.64999962,8939200,0.741935285,0.366450141,Negative,Positive,Positive,0,Negative
04/09/2018,24.53000069,24.87999916,24.38999939,24.80999947,8906600,0.857143413,1.141454429,Positive,Negative,Positive,0,Positive
05/09/2018,24.82999992,24.93000031,24.47999954,24.68000031,12746000,0.444445386,-0.604106399,Positive,Negative,Negative,0,Neutral
06/09/2018,24.70999908,24.92000008,24.63999939,24.68000031,7686500,0.142860062,-0.121403401,Positive,Positive,Negative,0,Negative
07/09/2018,24.76000023,24.95999908,24.65999985,24.70999908,14398300,0.166664547,-0.201943231,Positive,Positive,Negative,0,Positive
10/09/2018,24.78000069,24.88999939,24.56999969,24.64999962,11585700,0.25,-0.524620922,Negative,Negative,Negative,0,Negative
11/09/2018,24.45000076,24.80999947,24.35000038,24.68000031,13718300,0.717392566,0.940693395,Negative,Negative,Positive,0,Positive
12/09/2018,24.60000038,24.69000053,24.42000008,24.60000038,6950600,0.666666667,0,Positive,Positive,Neutral,0,Negative
13/09/2018,24.70999908,25.09000015,24.67000008,25.01000023,6814900,0.809524026,1.214088043,Negative,Positive,Positive,0,Negative
14/09/2018,25.01000023,25.14999962,24.95999908,25.04000092,5509800,0.421061085,0.119954764,Positive,Negative,Positive,0,Positive
17/09/2018,25.04000092,25.25,24.97999954,25.01000023,5937400,0.111113466,-0.119811045,Negative,Positive,Negative,0,Negative
18/09/2018,24.97999954,25.27000046,24.95999908,25.15999985,7597400,0.645160893,0.720577696,Negative,Negative,Positive,0,Negative
19/09/2018,25.14999962,25.32999992,25.04999924,25.26000023,7133900,0.750001703,0.437378179,Positive,Negative,Positive,0,Negative
20/09/2018,25.44000053,25.78000069,25.39999962,25.69000053,10136200,0.763158159,0.982704382,Positive,Positive,Positive,0,Negative
21/09/2018,25.79000092,26.13999939,25.72999954,25.82999992,21915800,0.24390346,0.155095024,Negative,Negative,Positive,0,Negative
24/09/2018,25.72999954,25.95000076,25.71999931,25.87000084,9643700,0.652176437,0.544116982,Negative,Negative,Positive,0,Positive
25/09/2018,25.86000061,25.94000053,25.52000046,25.55999947,6308800,0.095235716,-1.160097205,Positive,Positive,Negative,0,Negative
26/09/2018,25.70999908,26.21999931,25.70999908,25.96999931,10367800,0.509804142,1.011280584,Negative,Positive,Positive,0,Positive
27/09/2018,26.01000023,26.02000046,25.57999992,25.62999916,7933500,0.113634492,-1.460980641,Negative,Negative,Negative,0,Negative
28/09/2018,25.54000092,25.88999939,25.47999954,25.77000046,9174500,0.707319569,0.900546335,Negative,Positive,Positive,0,Positive
01/10/2018,25.79999924,25.97999954,25.53000069,25.60000038,8571800,0.155555273,-0.775189386,Positive,Negative,Negative,0,Negative
02/10/2018,25.60000038,26.14999962,25.60000038,26.07999992,14379900,0.872727651,1.874998184,Negative,Positive,Positive,0,Positive
03/10/2018,26.20000076,26.34000015,25.96999931,26.05999947,8714400,0.243243104,-0.53435608,Positive,Positive,Negative,0,Negative
04/10/2018,26.88999939,27.07999992,26.21999931,26.42000008,12955500,0.232558862,-1.747859145,Negative,Negative,Negative,0,Positive
05/10/2018,26.27000046,26.43000031,25.21999931,25.34000015,15682400,0.099174166,-3.540160978,Positive,Positive,Negative,0,Positive
08/10/2018,25.19000053,25.35000038,24.94000053,25.01000023,11520200,0.170731027,-0.71457047,Negative,Negative,Negative,0,Positive
09/10/2018,24.87000084,25.12000084,24.75,24.96999931,9625500,0.59459139,0.402084724,Positive,Negative,Positive,0,Positive
10/10/2018,24.80999947,25,24.21999931,24.26000023,14230000,0.05128318,-2.216845018,Positive,Negative,Negative,0,Positive
11/10/2018,24.06999969,24.13999939,22.84000015,23.01000023,18005500,0.130769366,-4.403820022,Negative,Positive,Negative,0,Negative
12/10/2018,23.45999908,23.76000023,23.27000046,23.67000008,12284500,0.816326133,0.895144928,Negative,Negative,Positive,0,Positive
15/10/2018,23.62000084,23.85000038,23.54000092,23.55999947,9107900,0.064511564,-0.25402782,Negative,Negative,Negative,0,Negative
16/10/2018,23.77000046,23.97999954,23.55999947,23.95999908,8101400,0.952379871,0.79932109,Positive,Positive,Positive,0,Positive
17/10/2018,24.03000069,24.12999916,23.60000038,23.87000084,7839200,0.509435999,-0.66583372,Positive,Negative,Negative,0,Positive
18/10/2018,23.80999947,24.09000015,23.54000092,23.77000046,7205500,0.418181566,-0.167992478,Negative,Positive,Negative,0,Negative
19/10/2018,23.87000084,24.25,23.64999962,23.84000015,11827000,0.316667355,-0.125683643,Negative,Positive,Negative,0,Negative
22/10/2018,24,24.43000031,23.95000076,24.11000061,10434900,0.333333333,0.458335876,Positive,Negative,Positive,0,Positive
23/10/2018,23.61000061,24.12999916,23.26000023,23.94000053,9621900,0.781610506,1.397712474,Negative,Positive,Positive,0,Positive
24/10/2018,23.96999931,24.04000092,23.02000046,23.05999947,11420600,0.039214696,-3.796411654,Negative,Negative,Negative,0,Negative
25/10/2018,23.28000069,24.05999947,23.27000046,23.79000092,11226200,0.658229254,2.190722568,Negative,Negative,Positive,0,Positive
26/10/2018,23.30999947,23.62999916,22.85000038,23.12999916,12369400,0.358973356,-0.772202099,Positive,Positive,Negative,0,Positive
29/10/2018,23.47999954,23.71999931,22.70000076,23.02000046,9897300,0.313725637,-1.959110279,Positive,Positive,Negative,0,Negative
30/10/2018,23.06999969,23.70000076,22.97999954,23.67000008,9440800,0.95833245,2.600781922,Positive,Positive,Positive,0,Negative
31/10/2018,23.84000015,24.37000084,23.78000069,24.13999939,9992200,0.610167135,1.258386053,Positive,Negative,Positive,0,Negative
01/11/2018,24.23999977,24.5,23.97999954,24.48999977,7361500,0.980768808,1.031353145,Positive,Positive,Positive,0,Negative
02/11/2018,24.36000061,24.82999992,24.29999924,24.62999916,11792200,0.622640559,1.108368406,Positive,Positive,Positive,0,Negative
05/11/2018,24.62999916,24.77000046,24.42000008,24.63999939,7039000,0.628568782,0.040601824,Positive,Positive,Positive,0,Negative
06/11/2018,24.59000015,24.87999916,24.53000069,24.87999916,6444500,1,1.179337155,Positive,Negative,Positive,0,Negative
07/11/2018,25.07999992,25.51000023,24.65999985,25.46999931,8228400,0.95294012,1.555021495,Positive,Positive,Positive,0,Negative
08/11/2018,25.42000008,25.71999931,25.37000084,25.5,7545700,0.371427793,0.314712523,Positive,Positive,Positive,0,Positive
09/11/2018,25.36000061,25.48999977,24.76000023,25,7125800,0.328767016,-1.419560732,Positive,Positive,Negative,0,Positive
12/11/2018,24.77000046,24.86000061,23.94000053,23.98999977,7794700,0.054346992,-3.148973243,Positive,Positive,Negative,0,Positive
13/11/2018,23.98999977,24.32999992,23.78000069,23.95000076,7820600,0.309091477,-0.166732007,Negative,Negative,Negative,0,Positive
14/11/2018,24.26000023,24.42000008,23.69000053,23.72999954,9949500,0.054793196,-2.184668927,Negative,Negative,Negative,0,Negative
15/11/2018,23.54999924,24.43000031,23.42000008,24.17000008,10585800,0.742574089,2.63270004,Neutral,Negative,Positive,0,Positive
16/11/2018,23.98999977,24.37000084,23.95999908,24.15999985,8672100,0.487804651,0.70862892,Negative,Negative,Positive,0,Positive
19/11/2018,24.09000015,24.17000008,23.30999947,23.54999924,10002900,0.279069303,-2.241597809,Positive,Positive,Negative,0,Positive
20/11/2018,23.06999969,23.12000084,22.46999931,22.61000061,10786900,0.215386105,-1.993927571,Negative,Negative,Negative,0,Negative
21/11/2018,22.77000046,23.07999992,22.65999985,22.65999985,8218100,0,-0.483094458,Positive,Positive,Negative,0,Positive
23/11/2018,22.38999939,22.76000023,22.27000046,22.51000023,3909000,0.48979568,0.535957314,Neutral,Neutral,Positive,0,Negative
26/11/2018,22.85000038,22.92000008,22.47999954,22.80999947,10845700,0.749998916,-0.175058708,Positive,Positive,Negative,0,Positive
27/11/2018,22.62999916,22.77000046,22.46999931,22.72999954,10173900,0.866664124,0.441892997,Positive,Negative,Positive,0,Negative
28/11/2018,22.79999924,23.44000053,22.61000061,23.43000031,9003500,0.98795153,2.763162672,Negative,Negative,Positive,0,Positive
29/11/2018,23.29000092,23.29000092,22.65999985,22.86000061,17342500,0.31746099,-1.846287197,Positive,Positive,Negative,0,Negative
30/11/2018,23.21999931,23.23999977,22.42000008,23,19163100,0.707317243,-0.947456158,Negative,Negative,Negative,0,Negative
03/12/2018,23.39999962,24.02000046,23.39999962,23.95000076,13177200,0.887097419,2.350432279,Negative,Negative,Positive,0,Positive
04/12/2018,23.88999939,24.17000008,23.04000092,23.23999977,15220600,0.176990269,-2.720802156,Positive,Positive,Negative,0,Negative
06/12/2018,22.76000023,24.09000015,22.70000076,24.02000046,19873600,0.949640485,5.536029069,Negative,Negative,Positive,0,Positive
07/12/2018,23.89999962,23.90999985,22.62999916,22.93000031,17395300,0.234375768,-4.058574598,Positive,Positive,Negative,0,Neutral
10/12/2018,22.79999924,23.05999947,22.30999947,22.93000031,13111500,0.826667786,0.570180142,Negative,Positive,Positive,0,Positive
11/12/2018,23.10000038,23.39999962,22.38999939,22.54999924,13064900,0.158415655,-2.380957296,Positive,Negative,Negative,0,Neutral
12/12/2018,22.70000076,22.98999977,22.52000046,22.54999924,10202000,0.063827283,-0.660799651,Negative,Positive,Negative,0,Positive
13/12/2018,22.62999916,22.90999985,22.26000023,22.29000092,11356800,0.04615493,-1.502422704,Positive,Positive,Negative,0,Positive
14/12/2018,22.07999992,22.44000053,21.94000053,22.01000023,11959500,0.13999939,-0.317027604,Positive,Negative,Negative,0,Positive
17/12/2018,21.89999962,22.28000069,21.29000092,21.42000008,11680600,0.131312314,-2.19177877,Positive,Negative,Negative,0,Positive
18/12/2018,21.60000038,21.92000008,21.37000084,21.40999985,11889400,0.07272557,-0.879632087,Negative,Negative,Negative,0,Positive
19/12/2018,21.45999908,21.62999916,20.34000015,20.54999924,18164000,0.162790113,-4.240446814,Positive,Negative,Negative,0,Positive
20/12/2018,20.51000023,20.63999939,19.81999969,20.06999969,16294900,0.304878162,-2.145297558,Positive,Positive,Negative,0,Positive
21/12/2018,19.97999954,20.37999916,19.62999916,19.64999962,21153900,0.026667277,-1.651651308,Negative,Negative,Negative,0,Positive
24/12/2018,19.39999962,19.88999939,19.31999969,19.37999916,6326300,0.105262277,-0.103095145,Neutral,Neutral,Negative,0,Negative
26/12/2018,19.53000069,20.35000038,19.21999931,20.32999992,14093800,0.982300497,4.09625811,Positive,Negative,Positive,0,Negative
27/12/2018,20.02000046,20.38999939,19.64999962,20.37999916,11942900,0.986486173,1.798195279,Negative,Negative,Positive,0,Positive
28/12/2018,20.55999947,20.79999924,20.28000069,20.34000015,9753900,0.11538391,-1.070035599,Negative,Positive,Negative,0,Negative
31/12/2018,20.48999977,20.64999962,20.23999977,20.45999908,8510300,0.536583891,-0.146416237,Negative,Negative,Negative,0,Negative
02/01/2019,20.03000069,20.78000069,20,20.62999916,9467400,0.807690521,2.995499019,Negative,Negative,Positive,0,Positive
03/01/2019,20.35000038,20.39999962,19.70000076,19.93000031,13459000,0.328571312,-2.0638824,Negative,Positive,Negative,0,Negative
04/01/2019,20.37999916,20.88999939,20.27000046,20.71999931,9220400,0.725805856,1.668303075,Negative,Negative,Positive,0,Negative
07/01/2019,20.75,21.15999985,20.73999977,20.95000076,8167600,0.500002271,0.963859099,Negative,Positive,Positive,0,Negative
08/01/2019,21.21999931,21.42000008,20.84000015,21.20999908,6355900,0.637929277,-0.047126434,Negative,Negative,Negative,0,Neutral
09/01/2019,21.34000015,21.45999908,21.01000023,21.20999908,8326700,0.444443032,-0.609189631,Negative,Positive,Negative,0,Negative
10/01/2019,21.12000084,21.53000069,21.05999947,21.46999931,8015000,0.872337835,1.657189679,Positive,Negative,Positive,0,Positive
11/01/2019,21.23999977,21.29000092,20.79999924,21.17000008,12524900,0.755101167,-0.329565422,Positive,Negative,Negative,0,Positive
14/01/2019,20.94000053,21.09000015,20.68000031,20.79000092,9626100,0.268294271,-0.716330538,Negative,Positive,Negative,0,Negative
15/01/2019,20.79999924,21.06999969,20.64999962,21.01000023,8839400,0.857144155,1.00962019,Negative,Negative,Positive,0,Negative
16/01/2019,20.95000076,21.18000031,20.70999908,21.04999924,8633200,0.723402701,0.477319668,Positive,Positive,Positive,0,Negative
17/01/2019,20.95000076,21.45000076,20.92000008,21.22999954,11295400,0.584903895,1.336509638,Negative,Positive,Positive,0,Negative
18/01/2019,21.36000061,21.79000092,21.29000092,21.75,10827100,0.919998169,1.825839787,Positive,Negative,Positive,0,Positive
22/01/2019,21.62000084,21.64999962,21.18000031,21.31999969,15246600,0.297871477,-1.38760931,Negative,Negative,Negative,0,Negative
23/01/2019,21.40999985,21.57999992,21.19000053,21.44000053,10037100,0.641026644,0.140124647,Negative,Positive,Positive,0,Negative
24/01/2019,21.54999924,21.95000076,21.51000023,21.77000046,5623200,0.590908894,1.020887371,Negative,Negative,Positive,0,Negative
25/01/2019,21.94000053,22.12000084,21.84000015,22.10000038,7290600,0.928569969,0.729260909,Positive,Negative,Positive,0,Positive
28/01/2019,21.82999992,22,21.68000031,21.97999954,6033200,0.93749851,0.687126061,Negative,Negative,Positive,0,Positive
29/01/2019,22.12000084,22.22999954,21.85000038,21.87999916,6811600,0.07894433,-1.084998505,Negative,Negative,Negative,0,Negative
30/01/2019,22.09000015,22.23999977,21.90999985,22.20000076,7559200,0.878790856,0.497965639,Positive,Negative,Positive,0,Positive
31/01/2019,22.20000076,22.26000023,22.01000023,22.03000069,11203200,0.080001831,-0.765766083,Negative,Positive,Negative,0,Negative
01/02/2019,22.15999985,22.29000092,21.93000031,22.26000023,7946700,0.916664901,0.451265262,Positive,Positive,Positive,0,Negative
04/02/2019,22.27000046,22.60000038,22.15999985,22.54999924,6486400,0.886361173,1.257291305,Positive,Positive,Positive,0,Negative
05/02/2019,22.56999969,22.81999969,22.56999969,22.79999924,6946500,0.919998169,1.019049824,Negative,Positive,Positive,0,Negative
06/02/2019,22.79999924,23.09000015,22.79999924,23.06999969,5836900,0.931033122,1.184212574,Positive,Positive,Positive,0,Positive
07/02/2019,22.92000008,23.02000046,22.69000053,22.86000061,7607700,0.515151865,-0.261777774,Negative,Negative,Negative,0,Negative
08/02/2019,22.64999962,22.93000031,22.60000038,22.92000008,6870400,0.969696269,1.192055021,Positive,Positive,Positive,0,Positive
11/02/2019,23,23.20000076,22.79000092,22.86000061,7093200,0.170731027,-0.608692998,Negative,Negative,Negative,0,Negative
12/02/2019,23.01000023,23.39999962,23,23.35000038,6945300,0.875001788,1.477619075,Negative,Negative,Positive,0,Positive
13/02/2019,23.44000053,23.54000092,23.21999931,23.31999969,9811200,0.312499627,-0.511948961,Negative,Positive,Negative,0,Positive
14/02/2019,23.22999954,23.45999908,23.19000053,23.22999954,7696600,0.14814527,0,Negative,Negative,Neutral,0,Negative
15/02/2019,23.32999992,23.39999962,23.13999939,23.28000069,10865500,0.538466053,-0.214313061,Negative,Negative,Negative,0,Positive
19/02/2019,23.23999977,23.38999939,23.18000031,23.25,7177100,0.333333333,0.043030245,Negative,Negative,Positive,0,Negative
20/02/2019,23.28000069,23.53000069,23.25,23.37999916,7660100,0.464281578,0.429546697,Negative,Positive,Positive,0,Negative
21/02/2019,23.20999908,23.62000084,23.20999908,23.38999939,9610900,0.439023256,0.775529135,Negative,Negative,Positive,0,Negative
22/02/2019,23.54999924,23.81999969,23.52000046,23.73999977,6729600,0.733332909,0.806796349,Positive,Positive,Positive,0,Negative
25/02/2019,23.82999992,24.09000015,23.80999947,23.90999985,13031100,0.357143344,0.335710969,Negative,Positive,Positive,0,Positive
26/02/2019,23.78000069,23.98999977,23.76000023,23.89999962,9502200,0.60869421,0.50462123,Negative,Positive,Positive,0,Positive
27/02/2019,23.75,23.88999939,23.61000061,23.85000038,10887200,0.857145777,0.421054238,Negative,Positive,Positive,0,Positive
28/02/2019,20.04999924,20.34000015,19.34000015,19.72999954,53508300,0.38999939,-1.596008514,Positive,Positive,Negative,0,Positive
01/03/2019,19.92000008,19.95000076,19.48999977,19.60000038,29705800,0.239131246,-1.606424165,Negative,Positive,Negative,0,Positive
04/03/2019,19.61000061,19.90999985,19.35000038,19.53000069,21409900,0.321429423,-0.407954723,Positive,Positive,Negative,0,Positive
05/03/2019,19.54000092,19.73999977,19.35000038,19.36000061,15526900,0.025641653,-0.921188827,Positive,Negative,Negative,0,Positive
06/03/2019,19.32999992,19.35000038,19.05999947,19.07999992,14410400,0.068966878,-1.293326441,Negative,Positive,Negative,0,Positive
07/03/2019,19,19.02000046,18.72999954,18.81999969,14276200,0.310344374,-0.947370027,Positive,Negative,Negative,0,Positive
08/03/2019,18.53000069,18.75,18.45999908,18.73999977,10238700,0.965516561,1.133292373,Negative,Positive,Positive,0,Negative
11/03/2019,18.78000069,19.20999908,18.78000069,19.04000092,11834900,0.604653948,1.384452712,Negative,Negative,Positive,0,Negative
12/03/2019,18.92000008,19.11000061,18.86000061,19.05999947,19010700,0.799995422,0.739954488,Negative,Negative,Positive,0,Negative
13/03/2019,19.10000038,19.62999916,19.04999924,19.61000061,25276400,0.965519736,2.670158213,Negative,Positive,Positive,0,Negative
14/03/2019,19.62000084,19.70999908,19.48999977,19.63999939,18526800,0.681818576,0.101929407,Positive,Negative,Positive,0,Negative
15/03/2019,19.64999962,19.96999931,19.63999939,19.94000053,22557800,0.909094587,1.47583166,Negative,Positive,Positive,0,Negative
18/03/2019,19.90999985,20.06999969,19.84000015,19.95000076,13232400,0.478264475,0.200908668,Positive,Negative,Positive,0,Negative
19/03/2019,20.03000069,20.28000069,19.90999985,20,13000000,0.243243104,-0.14977876,Negative,Positive,Negative,0,Positive
20/03/2019,20.01000023,20.15999985,19.79999924,19.98999977,11575300,0.527778366,-0.099952312,Negative,Negative,Negative,0,Negative
21/03/2019,19.95000076,20.35000038,19.95000076,20.21999931,11842800,0.67499702,1.353376141,Positive,Negative,Positive,0,Positive
22/03/2019,20.11000061,20.17000008,19.32999992,19.34000015,15765300,0.011905032,-3.828942986,Positive,Negative,Negative,0,Positive
25/03/2019,19.28000069,19.31999969,18.86000061,18.96999931,15882400,0.239128091,-1.607890883,Negative,Positive,Negative,0,Negative
26/03/2019,19.10000038,19.36000061,19,19.12999916,10991500,0.361108168,0.157061669,Positive,Positive,Positive,0,Positive
27/03/2019,19.11000061,19.37999916,18.86000061,18.93000031,13537800,0.134615173,-0.941916794,Positive,Positive,Negative,0,Negative
28/03/2019,18.95999908,19.25,18.90999985,19,15678400,0.264706212,0.210975303,Negative,Negative,Positive,0,Negative
29/03/2019,19.21999931,19.47999954,19.19000053,19.43000031,12159900,0.827588248,1.092617062,Negative,Positive,Positive,0,Negative
01/04/2019,19.72999954,20.09000015,19.54000092,20.04999924,13958500,0.927270962,1.621894081,Negative,Negative,Positive,0,Positive
02/04/2019,20.13999939,20.20000076,19.67000008,19.71999931,16597200,0.094338061,-2.085402627,Positive,Positive,Negative,0,Negative
03/04/2019,19.78000069,20.03000069,19.65999985,19.75,14054200,0.243243104,-0.151671818,Positive,Positive,Negative,0,Negative
04/04/2019,19.78000069,19.86000061,19.64999962,19.76000023,9354000,0.523809956,-0.101114545,Negative,Negative,Negative,0,Negative
05/04/2019,19.79000092,19.94000053,19.75,19.79000092,6320700,0.210530543,0,Negative,Negative,Neutral,0,Negative
08/04/2019,19.73999977,20.01000023,19.73999977,19.94000053,7296100,0.740742311,1.013175103,Positive,Negative,Positive,0,Positive
09/04/2019,19.80999947,19.87999916,19.5,19.59000015,12549700,0.23684303,-1.110546791,Negative,Negative,Negative,0,Negative
10/04/2019,19.57999992,20,19.56999969,19.96999931,12761900,0.930231011,1.991825287,Positive,Positive,Positive,0,Positive
11/04/2019,19.95999908,20.09000015,19.87000084,19.94000053,11975900,0.318181424,-0.100193143,Negative,Negative,Negative,0,Negative
12/04/2019,20.04000092,20.25,20.02000046,20.20999908,8572500,0.82608263,0.848294217,Positive,Positive,Positive,0,Positive
15/04/2019,20.22999954,20.28000069,20.01000023,20.20000076,8880500,0.703704489,-0.148288581,Negative,Positive,Negative,0,Negative
16/04/2019,20.25,20.61000061,20.20000076,20.56999969,10751300,0.902436755,1.580245407,Positive,Positive,Positive,0,Positive
17/04/2019,20.60000038,20.64999962,20.43000031,20.5,8671000,0.318181424,-0.485438736,Negative,Positive,Negative,0,Negative
18/04/2019,20.48999977,20.62000084,20.45000076,20.52000046,7436000,0.411762726,0.146416237,Negative,Negative,Positive,0,Positive
22/04/2019,20.42000008,20.47999954,19.82999992,19.87999916,9455600,0.076921948,-2.644470683,Negative,Positive,Negative,0,Negative
23/04/2019,19.95999908,20.18000031,19.78000069,20.09000015,8000600,0.774999404,0.651307986,Positive,Negative,Positive,0,Positive
24/04/2019,20.03000069,20.26000023,19.87000084,19.87000084,11881900,0,-0.798801008,Positive,Negative,Negative,0,Positive
25/04/2019,19.84000015,19.88999939,19.60000038,19.60000038,13499400,0,-1.209676256,Positive,Negative,Negative,0,Positive
26/04/2019,19.45000076,19.57999992,19.29000092,19.40999985,7894600,0.413790835,-0.205660226,Negative,Positive,Negative,0,Negative
29/04/2019,19.32999992,19.78000069,19.32999992,19.65999985,9036700,0.73333192,1.707190507,Negative,Negative,Positive,0,Negative
30/04/2019,19.60000038,19.95999908,19.57999992,19.95000076,8299200,0.973688569,1.785716197,Positive,Positive,Positive,0,Positive
01/05/2019,19.95000076,20.18000031,19.78000069,19.93000031,9269900,0.374999404,-0.100252917,Positive,Positive,Negative,0,Negative
02/05/2019,19.98999977,20.12999916,19.87000084,20.04000092,8627500,0.653850668,0.25013079,Negative,Negative,Positive,0,Negative
03/05/2019,20.19000053,20.35000038,20.09000015,20.29000092,6821300,0.769233026,0.495296577,Negative,Negative,Positive,0,Positive
06/05/2019,19.82999992,20.11000061,19.68000031,20.09000015,11525300,0.953487341,1.311145889,Positive,Negative,Positive,0,Positive
07/05/2019,19.86000061,19.95000076,19.46999931,19.61000061,9272100,0.291668488,-1.258811643,Negative,Positive,Negative,0,Positive
08/05/2019,19.52000046,19.79000092,19.5,19.53000069,6271300,0.103450317,0.05123068,Positive,Negative,Positive,0,Positive
09/05/2019,19.34000015,19.34000015,18.89999962,19.29000092,8803300,0.886365508,-0.258527594,Positive,Negative,Negative,0,Positive
10/05/2019,19.19000053,19.30999947,18.77000046,19.12000084,10180100,0.648150045,-0.364771719,Positive,Negative,Negative,0,Positive
13/05/2019,18.54999924,18.68000031,18.12000084,18.27000046,11637100,0.267856717,-1.509427444,Negative,Positive,Negative,0,Negative
14/05/2019,18.32999992,18.62999916,18.17000008,18.29999924,8363300,0.282607434,-0.163669868,Negative,Negative,Negative,0,Negative
15/05/2019,18.12999916,18.84000015,18.05999947,18.72999954,12947100,0.858973701,3.309434138,Negative,Positive,Positive,0,Negative
16/05/2019,18.79000092,19.06999969,18.73999977,18.94000053,7430300,0.606063058,0.798294897,Positive,Positive,Positive,0,Negative
17/05/2019,18.70999908,19.13999939,18.70000076,19.02000046,11414300,0.727274304,1.656875406,Negative,Negative,Positive,0,Positive
20/05/2019,18.75,19.20999908,18.67000008,18.95999908,14502100,0.537036187,1.119995117,Positive,Positive,Positive,0,Negative
21/05/2019,19.07999992,19.57999992,19.07999992,19.44000053,11554600,0.720001221,1.886795659,Positive,Negative,Positive,0,Positive
22/05/2019,19.26000023,19.42000008,18.98999977,19.20000076,16045800,0.488374053,-0.311523703,Positive,Negative,Negative,0,Positive
23/05/2019,18.92000008,19.29000092,18.73999977,19.19000053,14652000,0.818181503,1.427063724,Negative,Positive,Positive,0,Negative
24/05/2019,19.52000046,20.22999954,19.39999962,20.03000069,13551000,0.759037501,2.612706029,Negative,Positive,Positive,0,Positive
28/05/2019,19.97999954,20.12999916,19.65999985,19.65999985,17343400,0,-1.601600111,Positive,Negative,Negative,0,Positive
29/05/2019,19.53000069,19.59000015,18.81999969,19,19384800,0.233766491,-2.713777102,Positive,Negative,Negative,0,Negative
30/05/2019,19.15999985,19.30999947,18.97999954,19.13999939,9387600,0.484848135,-0.104386524,Positive,Negative,Negative,0,Positive
31/05/2019,18.85000038,18.86000061,18.35000038,18.68000031,13082700,0.647058384,-0.90185715,Positive,Negative,Negative,0,Positive
03/06/2019,18.75,19.04000092,18.61000061,18.65999985,9809100,0.116277213,-0.480000814,Negative,Negative,Negative,0,Negative
04/06/2019,19,19.42000008,18.82999992,19.38999939,10299600,0.949151392,2.052628367,Positive,Negative,Positive,0,Negative
05/06/2019,19.5,19.64999962,19.19000053,19.55999947,8291300,0.804347105,0.307689569,Negative,Negative,Positive,0,Negative
06/06/2019,19.64999962,19.77000046,19.46999931,19.65999985,7820000,0.633332698,0.050891751,Negative,Negative,Positive,0,Negative
07/06/2019,19.68000031,19.97999954,19.65999985,19.70999908,8454100,0.156247765,0.152432819,Positive,Positive,Positive,0,Negative
10/06/2019,19.82999992,20.04000092,19.81999969,19.87999916,7656100,0.272723332,0.252139371,Negative,Negative,Positive,0,Positive
11/06/2019,19.89999962,19.98999977,19.71999931,19.86000061,7689200,0.518522443,-0.201000045,Positive,Negative,Negative,0,Negative
12/06/2019,19.86000061,20.01000023,19.70000076,19.92000008,10798500,0.709676427,0.302112105,Negative,Negative,Positive,0,Negative
13/06/2019,19.95999908,20.09000015,19.92000008,19.98999977,6705700,0.411762726,0.150304048,Negative,Negative,Positive,0,Positive
14/06/2019,19.96999931,19.98999977,19.73999977,19.90999985,6987500,0.680000305,-0.300448012,Positive,Positive,Negative,0,Positive
17/06/2019,19.87000084,20.02000046,19.79000092,19.89999962,7188800,0.478256182,0.150975229,Negative,Negative,Positive,0,Negative
18/06/2019,20.01000023,20.55999947,20,20.52000046,9406900,0.928573132,2.548726752,Positive,Positive,Positive,0,Negative
19/06/2019,20.56999969,20.77000046,20.45999908,20.62999916,8971500,0.548384914,0.291684331,Negative,Negative,Positive,0,Negative
20/06/2019,20.87999916,20.89999962,20.68000031,20.86000061,9745500,0.818185759,-0.095778502,Negative,Negative,Negative,0,Positive
21/06/2019,20.81999969,20.81999969,20.52000046,20.70000076,15220600,0.600002543,-0.576363754,Negative,Negative,Negative,0,Positive
24/06/2019,20.70000076,20.87000084,20.56999969,20.65999985,9726300,0.299999364,-0.193241131,Positive,Negative,Negative,0,Positive
25/06/2019,20.72999954,20.90999985,20.57999992,20.60000038,9236900,0.060607462,-0.627106433,Negative,Positive,Negative,0,Negative
26/06/2019,20.73999977,20.84000015,20.69000053,20.79000092,8431000,0.666670905,0.241085559,Negative,Positive,Positive,0,Positive
27/06/2019,20.84000015,21.09000015,20.71999931,20.73999977,7896600,0.054055169,-0.479848276,Positive,Negative,Negative,0,Negative
28/06/2019,20.82999992,20.95999908,20.72999954,20.79000092,10777300,0.260876055,-0.192025964,Negative,Positive,Negative,0,Negative
01/07/2019,21.12000084,21.37999916,20.87999916,20.98999977,7054400,0.220001221,-0.615535336,Positive,Negative,Negative,0,Negative
02/07/2019,21.10000038,21.13999939,20.90999985,21.05999947,7058000,0.652173552,-0.189577795,Negative,Positive,Negative,0,Negative
03/07/2019,21.04999924,21.26000023,20.95999908,21.15999985,5034400,0.666666667,0.522568239,Neutral,Neutral,Positive,0,Neutral
05/07/2019,21.01000023,21.20000076,20.92000008,21.15999985,6394700,0.857139938,0.713943917,Negative,Negative,Positive,0,Positive
08/07/2019,21,21.12999916,20.70000076,20.73999977,9759100,0.093021296,-1.238096328,Negative,Negative,Negative,0,Positive
09/07/2019,20.59000015,20.76000023,20.51000023,20.62999916,8638000,0.479995728,0.194264244,Negative,Negative,Positive,0,Positive
10/07/2019,20.82999992,20.87999916,20.57999992,20.59000015,5646600,0.033334181,-1.152183255,Positive,Positive,Negative,0,Negative
11/07/2019,20.62999916,20.86000061,20.46999931,20.85000038,10293700,0.974358473,1.066414104,Negative,Negative,Positive,0,Negative
12/07/2019,21,21.27000046,20.96999931,21.22999954,6845900,0.866664124,1.095235915,Positive,Negative,Positive,0,Negative
15/07/2019,21.25,21.43000031,21.25,21.35000038,8419000,0.555556733,0.47059003,Positive,Positive,Positive,0,Positive
16/07/2019,21.40999985,21.62000084,21.28000069,21.30999947,6269000,0.088231664,-0.467073247,Positive,Negative,Negative,0,Positive
17/07/2019,21.27000046,21.39999962,21.18000031,21.18000031,5692800,0,-0.423131879,Positive,Negative,Negative,0,Negative
18/07/2019,21.10000038,21.44000053,21.07999992,21.37999916,5734000,0.833329801,1.327008409,Negative,Positive,Positive,0,Negative
19/07/2019,21.45000076,21.57999992,21.37999916,21.38999939,7724600,0.050000954,-0.279726672,Negative,Negative,Negative,0,Negative
22/07/2019,21.5,21.54000092,21.39999962,21.44000053,9753600,0.285718178,-0.279067283,Negative,Positive,Negative,0,Negative
23/07/2019,21.55999947,21.70999908,21.43000031,21.62999916,8395700,0.714284741,0.324673917,Positive,Negative,Positive,0,Positive
24/07/2019,21.59000015,21.73999977,21.45000076,21.56999969,6886200,0.413790835,-0.092637599,Negative,Positive,Negative,0,Positive
25/07/2019,21.48999977,21.48999977,21.15999985,21.32999992,5332100,0.515151865,-0.744531639,Negative,Negative,Negative,0,Negative
26/07/2019,21.37999916,21.57999992,21.22999954,21.52000046,5061900,0.828573141,0.654823679,Negative,Negative,Positive,0,Positive
29/07/2019,21.46999931,21.60000038,21.37999916,21.5,5866900,0.545455334,0.139733058,Negative,Negative,Positive,0,Negative
30/07/2019,21.45999908,21.57999992,21.32999992,21.54000092,4525800,0.840003967,0.372795128,Negative,Positive,Positive,0,Positive
31/07/2019,21.47999954,21.57999992,20.88999939,21.04000092,12752200,0.217393348,-2.048410783,Positive,Positive,Negative,0,Positive
01/08/2019,21.03000069,21.54999924,20.79000092,20.98999977,12234100,0.26315697,-0.190208817,Negative,Negative,Negative,0,Positive
02/08/2019,20.55999947,20.69000053,19.93000031,20.13999939,10942600,0.276314502,-2.042801981,Positive,Negative,Negative,0,Positive
05/08/2019,19.95999908,20,18.98999977,19.15999985,9648400,0.168316869,-4.008012394,Positive,Negative,Negative,0,Negative
06/08/2019,19.31999969,19.47999954,19.07999992,19.25,8275800,0.425000596,-0.362317267,Positive,Negative,Negative,0,Positive
07/08/2019,18.96999931,19.18000031,18.80999947,19.09000015,8637000,0.756756896,0.632582201,Negative,Positive,Positive,0,Negative
08/08/2019,19.25,19.59000015,19.20999908,19.53000069,6054000,0.842107112,1.454549022,Negative,Positive,Positive,0,Positive
09/08/2019,19.45000076,19.47999954,19.12999916,19.28000069,5250900,0.428575321,-0.874036348,Negative,Negative,Negative,0,Positive
12/08/2019,19.14999962,19.18000031,18.79999924,18.89999962,5204700,0.263158159,-1.305483055,Negative,Positive,Negative,0,Negative
13/08/2019,18.87999916,19.79000092,18.81999969,19.54000092,11827700,0.742268366,3.495772162,Positive,Negative,Positive,0,Positive
14/08/2019,19.20999908,19.39999962,19.06999969,19.28000069,18915500,0.636366789,0.364401903,Positive,Negative,Positive,0,Positive
15/08/2019,19.17000008,19.29000092,18.44000053,18.62999916,10146000,0.223527696,-2.816906173,Negative,Positive,Negative,0,Negative
16/08/2019,18.85000038,19.19000053,18.82999992,19.07999992,10972700,0.694443267,1.220156698,Negative,Positive,Positive,0,Negative
19/08/2019,19.45999908,19.62999916,19.20999908,19.20999908,7609100,0,-1.284686597,Negative,Negative,Negative,0,Positive
20/08/2019,18.87999916,19.10000038,18.79000092,18.90999985,8141300,0.387093996,0.158901949,Positive,Neutral,Positive,0,Negative
21/08/2019,19.14999962,19.20000076,18.93000031,18.95999908,7503000,0.111106402,-0.99216991,Positive,Positive,Negative,0,Positive
22/08/2019,19.01000023,19.11000061,18.82999992,18.93000031,11687700,0.357143344,-0.420830735,Positive,Negative,Negative,0,Positive
23/08/2019,17.31999969,18.15999985,17.10000038,17.80999947,26397600,0.669810795,2.829098036,Positive,Positive,Positive,0,Negative
26/08/2019,17.97999954,18.06999969,17.72999954,17.84000015,15138600,0.323531062,-0.778639562,Negative,Negative,Negative,0,Positive
27/08/2019,17.94000053,18.10000038,17.60000038,17.72999954,13791900,0.259998322,-1.170574056,Negative,Positive,Negative,0,Negative
28/08/2019,17.77000046,17.92000008,17.62000084,17.79000092,10675500,0.566668362,0.112551813,Negative,Positive,Positive,0,Negative
29/08/2019,18.06999969,18.27000046,18.04999924,18.09000015,7605300,0.181821334,0.110683221,Positive,Positive,Positive,0,Negative
30/08/2019,18.30999947,18.51000023,18.20999908,18.29000092,8070100,0.266671753,-0.109222015,Positive,Negative,Negative,0,Positive
03/09/2019,18.06999969,18.29999924,17.96999931,18.14999962,7878600,0.545455596,0.44272233,Negative,Negative,Positive,0,Negative
04/09/2019,18.29999924,18.51000023,18.20999908,18.36000061,6870800,0.500003179,0.32787637,Negative,Positive,Positive,0,Negative
05/09/2019,18.59000015,19.09000015,18.54000092,18.90999985,9151800,0.672726264,1.721353912,Negative,Positive,Positive,0,Negative
06/09/2019,19,19.15999985,18.97999954,19.10000038,6576200,0.666670199,0.526317797,Negative,Positive,Positive,0,Positive
09/09/2019,18.79000092,19.14999962,18.75,19.01000023,12135200,0.650001192,1.170831839,Positive,Positive,Positive,0,Positive
10/09/2019,18.79000092,19.02000046,18.77000046,18.98999977,9472400,0.879997253,1.064389813,Positive,Negative,Positive,0,Negative
11/09/2019,18.97999954,19.12000084,18.84000015,19.05999947,8737700,0.785709907,0.42149592,Positive,Negative,Positive,0,Positive
12/09/2019,18.98999977,19.04999924,18.46999931,18.75,25108900,0.482759868,-1.263821875,Positive,Positive,Negative,0,Negative
13/09/2019,18.85000038,19.20000076,18.85000038,19.07999992,14057400,0.657140833,1.220156698,Negative,Negative,Positive,0,Positive
16/09/2019,18.55999947,18.90999985,18.45999908,18.87000084,7849500,0.911113466,1.670266068,Positive,Negative,Positive,0,Neutral
17/09/2019,18.86000061,18.95999908,18.57999992,18.87000084,8663100,0.763161989,0.053023481,Positive,Negative,Positive,0,Positive
18/09/2019,18.88999939,18.98999977,18.48999977,18.70999908,6164300,0.439998627,-0.952886771,Negative,Positive,Negative,0,Negative
19/09/2019,18.75,19.04000092,18.72999954,18.75,10121600,0.06451732,0,Positive,Negative,Neutral,0,Positive
20/09/2019,18.80999947,18.86000061,18.45999908,18.46999931,14437500,0.025000477,-1.807550038,Negative,Negative,Negative,0,Negative
23/09/2019,18.38999939,18.62999916,18.37000084,18.52000046,6720700,0.576925334,0.706911759,Positive,Negative,Positive,0,Positive
24/09/2019,18.57999992,18.64999962,18.12000084,18.14999962,10328400,0.056601601,-2.314318121,Positive,Positive,Negative,0,Negative
25/09/2019,18.21999931,18.52000046,18.18000031,18.40999985,17288600,0.676468938,1.042813069,Positive,Negative,Positive,0,Negative
26/09/2019,18.39999962,18.48999977,18.25,18.42000008,11331800,0.708334327,0.108698142,Positive,Positive,Positive,0,Negative
27/09/2019,18.54000092,18.75,18.43000031,18.53000069,19906800,0.31250149,-0.053938664,Positive,Positive,Negative,0,Negative
30/09/2019,18.60000038,19.02000046,18.60000038,18.92000008,24391700,0.761903897,1.720428432,Positive,Negative,Positive,0,Positive
01/10/2019,19.04999924,19.18000031,18.57999992,18.59000015,10441600,0.016667038,-2.414693454,Positive,Negative,Negative,0,Neutral
02/10/2019,18.44000053,18.70000076,18.22999954,18.59000015,18666100,0.765956756,0.813446932,Positive,Negative,Positive,0,Positive
03/10/2019,18.51000023,18.54999924,18.13999939,18.39999962,16118400,0.634147136,-0.594276656,Negative,Positive,Negative,0,Positive
04/10/2019,17,17.04000092,16.45999908,16.63999939,41105500,0.310344374,-2.117650649,Positive,Positive,Negative,0,Negative
07/10/2019,16.53000069,17.02000046,16.51000023,16.79999924,15382900,0.568625251,1.633384992,Positive,Positive,Positive,0,Positive
08/10/2019,16.61000061,16.65999985,16.28000069,16.29999924,16839200,0.05262788,-1.866353774,Positive,Negative,Negative,0,Negative
09/10/2019,16.46999931,16.51000023,16.31999969,16.39999962,13539400,0.421051047,-0.425013344,Negative,Positive,Negative,0,Positive
10/10/2019,16.04999924,16.18000031,15.93000031,16.03000069,19859400,0.400001526,-0.124601566,Negative,Positive,Negative,0,Negative
11/10/2019,16.29000092,16.60000038,16.20999908,16.23999977,21192100,0.076924582,-0.306943779,Positive,Negative,Negative,0,Negative
14/10/2019,16.32999992,16.57999992,16.29000092,16.54000092,15195600,0.862071914,1.28598281,Positive,Positive,Positive,0,Negative
15/10/2019,16.54000092,16.89999962,16.40999985,16.80999947,13098000,0.816326133,1.632397433,Negative,Negative,Positive,0,Negative
16/10/2019,16.76000023,17.15999985,16.72999954,17.04000092,18463600,0.720932915,1.670648466,Negative,Negative,Positive,0,Positive
17/10/2019,17.04999924,17.04999924,16.85000038,16.95999908,9597400,0.549996662,-0.527860156,Positive,Positive,Negative,0,Positive
18/10/2019,16.86000061,16.97999954,16.76000023,16.85000038,12184400,0.409092879,-0.059313336,Positive,Positive,Negative,0,Negative
21/10/2019,16.98999977,17.27000046,16.98999977,17,8777400,0.035715016,0.0588595,Negative,Positive,Positive,0,Negative
22/10/2019,17.01000023,17.18000031,16.90999985,17.12000084,10038800,0.777780133,0.646682004,Negative,Negative,Positive,0,Neutral
23/10/2019,17.14999962,17.15999985,16.97999954,17.12000084,7109700,0.777783665,-0.17492,Negative,Negative,Negative,0,Neutral
24/10/2019,17.18000031,17.31999969,16.98999977,17.12000084,6364000,0.393942722,-0.349240191,Negative,Negative,Negative,0,Negative
25/10/2019,17.21999931,17.45000076,17.20000076,17.32999992,17277300,0.519996643,0.638795672,Positive,Positive,Positive,0,Negative
28/10/2019,17.45999908,17.67000008,17.45999908,17.62999916,13899500,0.809520349,0.973654554,Positive,Positive,Positive,0,Positive
29/10/2019,17.62999916,17.76000023,17.53000069,17.60000038,9462700,0.304347105,-0.170157576,Positive,Negative,Negative,0,Negative
30/10/2019,17.56999969,17.62999916,17.30999947,17.62000084,8662600,0.968755215,0.2845825,Positive,Negative,Positive,0,Positive
31/10/2019,17.53000069,17.62000084,17.15999985,17.37000084,11414800,0.456522911,-0.912720143,Negative,Positive,Negative,0,Negative
01/11/2019,17.44000053,17.78000069,17.29000092,17.78000069,8824900,1,1.9495421,Negative,Neutral,Positive,0,Negative
04/11/2019,17.85000038,18.14999962,17.81999969,18,12249200,0.545455596,0.840333979,Negative,Positive,Positive,0,Negative
05/11/2019,18.23999977,18.47999954,18.20000076,18.39999962,12554300,0.714284741,0.877192157,Positive,Negative,Positive,0,Negative
06/11/2019,21.63999939,21.67000008,19.48999977,19.56999969,63188300,0.036697208,-9.565618083,Negative,Positive,Negative,0,Positive
07/11/2019,19.81999969,20.19000053,19.36000061,19.38999939,28254200,0.036143111,-2.169527305,Negative,Positive,Negative,0,Negative
08/11/2019,19.29999924,19.54999924,18.95999908,19.52000046,21512500,0.949154625,1.139902743,Positive,Positive,Positive,0,Negative
11/11/2019,19.53000069,19.90999985,19.47999954,19.63999939,12704500,0.372092404,0.563229386,Positive,Positive,Positive,0,Positive
12/11/2019,19.61000061,19.64999962,19.30999947,19.53000069,15757600,0.647062123,-0.407954723,Negative,Negative,Negative,0,Neutral
13/11/2019,19.37999916,19.62999916,19.25,19.53000069,9692000,0.73684554,0.774001715,Positive,Negative,Positive,0,Negative
14/11/2019,19.87999916,20.13999939,19.72999954,20.12999916,15231600,0.975609189,1.257545325,Negative,Positive,Positive,0,Negative
15/11/2019,20.22999954,20.25,20.06999969,20.18000031,10628100,0.611113466,-0.247153921,Positive,Negative,Negative,0,Positive
18/11/2019,19.89999962,20.22999954,19.80999947,20.01000023,12326000,0.476192206,0.552766897,Positive,Negative,Positive,0,Negative
19/11/2019,20.10000038,20.18000031,19.93000031,20.11000061,14578600,0.720001221,0.049752382,Negative,Neutral,Positive,0,Positive
20/11/2019,19.81999969,19.89999962,19.54000092,19.70000076,13926500,0.444445622,-0.605443662,Negative,Positive,Negative,0,Positive
21/11/2019,19.80999947,19.89999962,19.53000069,19.64999962,12026400,0.324322374,-0.807672144,Positive,Neutral,Negative,0,Negative
22/11/2019,19.79000092,20.06999969,19.70999908,19.94000053,10331100,0.638891832,0.757956602,Negative,Positive,Positive,0,Negative
25/11/2019,19.95000076,20.22999954,19.92000008,20.14999962,12898800,0.741935285,1.002500491,Negative,Negative,Positive,0,Positive
26/11/2019,20.10000038,20.10000038,19.70999908,20.05999947,17370500,0.897433891,-0.199009526,Positive,Positive,Negative,0,Positive
27/11/2019,20.39999962,20.44000053,19.71999931,19.79000092,17500200,0.097224283,-2.990189777,Positive,Negative,Negative,0,Negative
29/11/2019,19.75,20.18000031,19.73999977,20.07999992,10551800,0.772726682,1.67088569,Neutral,Neutral,Positive,0,Positive
02/12/2019,19.97999954,20.04999924,19.79000092,19.82999992,13833500,0.153843332,-0.750748859,Negative,Negative,Negative,0,Positive
03/12/2019,19.54999924,19.68000031,19.42000008,19.62999916,16160700,0.807688075,0.409206787,Negative,Positive,Positive,0,Negative
04/12/2019,19.71999931,20.14999962,19.70000076,20.04000092,14994400,0.755557816,1.622726234,Neutral,Negative,Positive,0,Negative
05/12/2019,20.13999939,20.32999992,19.95999908,20.31999969,12964500,0.972972416,0.893745336,Negative,Positive,Positive,0,Negative
06/12/2019,20.43000031,20.64999962,20.40999985,20.5,10736900,0.375000993,0.342631883,Positive,Negative,Positive,0,Positive
09/12/2019,20.48999977,20.75,20.44000053,20.46999931,7428000,0.096770423,-0.097610825,Negative,Negative,Negative,0,Positive
10/12/2019,19.96999931,20.27000046,19.96999931,20.20000076,11302800,0.766668574,1.15173489,Positive,Negative,Positive,0,Positive
11/12/2019,20.20000076,20.22999954,19.94000053,20.06999969,15139500,0.448274501,-0.64356962,Negative,Positive,Negative,0,Negative
12/12/2019,19.94000053,20.5,19.94000053,20.43000031,14798600,0.875000426,2.457370903,Negative,Negative,Positive,0,Positive
13/12/2019,20.37000084,20.53000069,20.26000023,20.35000038,8692100,0.333333333,-0.098185847,Negative,Positive,Negative,0,Negative
16/12/2019,20.39999962,20.69000053,20.37999916,20.52000046,8720900,0.451615086,0.588239419,Negative,Positive,Positive,0,Positive
17/12/2019,20.54000092,20.54000092,20.32999992,20.37000084,7612800,0.190479651,-0.827653694,Positive,Positive,Negative,0,Positive
18/12/2019,20.32999992,20.47999954,20.29999924,20.32999992,11285100,0.166670199,0,Negative,Negative,Neutral,0,Positive
19/12/2019,20.37999916,20.39999962,20.21999931,20.29999924,8267500,0.444443267,-0.392541349,Positive,Positive,Negative,0,Negative
20/12/2019,20.32999992,20.65999985,20.23999977,20.55999947,16082800,0.761903897,1.131330758,Negative,Negative,Positive,0,Neutral
23/12/2019,20.54999924,20.67000008,20.39999962,20.55999947,7613800,0.592591023,0.048662916,Negative,Negative,Positive,0,Negative
24/12/2019,20.55999947,20.73999977,20.55999947,20.59000015,3064900,0.166670199,0.14591774,Neutral,Neutral,Positive,0,Negative
26/12/2019,20.62000084,20.79999924,20.61000061,20.69000053,3729700,0.421055273,0.339474743,Negative,Negative,Positive,0,Positive
27/12/2019,20.69000053,20.72999954,20.51000023,20.53000069,4780500,0.090911455,-0.773319687,Positive,Negative,Negative,0,Positive
30/12/2019,20.5,20.63999939,20.38999939,20.48999977,4458000,0.400001526,-0.048781604,Positive,Negative,Negative,0,Negative
31/12/2019,20.40999985,20.56999969,20.32999992,20.54999924,6282100,0.91666468,0.68593528,Negative,Negative,Positive,0,Negative
02/01/2020,20.68000031,20.82999992,20.64999962,20.79000092,7194700,0.777783665,0.531917837,Negative,Negative,Positive,0,Positive
03/01/2020,20.47999954,20.68000031,20.45000076,20.53000069,5421800,0.347826448,0.244146218,Negative,Negative,Positive,0,Negative
06/01/2020,20.65999985,20.79000092,20.51000023,20.61000061,9312500,0.357143344,-0.242009862,Positive,Negative,Negative,0,Negative
07/01/2020,20.55999947,20.78000069,20.51000023,20.65999985,6536200,0.555553201,0.486383191,Positive,Positive,Positive,0,Negative
08/01/2020,20.53000069,20.98999977,20.53000069,20.93000031,7780100,0.869566119,1.948366318,Positive,Positive,Positive,0,Negative
09/01/2020,21,21.26000023,20.96999931,21.23999977,9378700,0.931033122,1.142856053,Positive,Negative,Positive,0,Negative
10/01/2020,21.26000023,21.54000092,21.26000023,21.37999916,10012100,0.428566563,0.564435233,Positive,Positive,Positive,0,Negative
13/01/2020,21.45999908,21.54999924,21.34000015,21.45999908,7157700,0.571425976,0,Negative,Positive,Neutral,0,Positive
14/01/2020,21.51000023,21.54000092,21.26000023,21.39999962,11997700,0.499996594,-0.511392883,Positive,Negative,Negative,0,Negative
15/01/2020,21.35000038,21.61000061,21.30999947,21.42000008,13958100,0.366667302,0.327867417,Negative,Positive,Positive,0,Negative
16/01/2020,21.40999985,21.67000008,21.29000092,21.67000008,7861700,1,1.214386879,Negative,Negative,Positive,0,Negative
17/01/2020,21.62999916,21.97999954,21.53000069,21.96999931,13476400,0.977777213,1.571891659,Positive,Positive,Positive,0,Positive
21/01/2020,21.92000008,21.96999931,21.77000046,21.95999908,10312200,0.949998569,0.182477226,Positive,Positive,Positive,0,Positive
22/01/2020,21.95999908,21.95999908,21.53000069,21.93000031,9776100,0.930235137,-0.136606469,Positive,Negative,Negative,0,Negative
23/01/2020,21.94000053,22.17000008,21.87000084,22.10000038,10814500,0.766667091,0.729260909,Positive,Negative,Positive,0,Positive
24/01/2020,22.18000031,22.20000076,21.79999924,21.97999954,10299900,0.449999046,-0.901716683,Positive,Negative,Negative,0,Positive
27/01/2020,21.62999916,21.79000092,21.48999977,21.57999992,10554400,0.299999364,-0.231156907,Negative,Positive,Negative,0,Negative
28/01/2020,21.75,21.90999985,21.57999992,21.63999939,8610900,0.181816605,-0.505749933,Positive,Negative,Negative,0,Positive
29/01/2020,21.75,21.79999924,21.39999962,21.43000031,8548000,0.075001788,-1.471262965,Positive,Negative,Negative,0,Negative
30/01/2020,21.28000069,21.61000061,21.20000076,21.53000069,8308300,0.804878162,1.174811992,Positive,Positive,Positive,0,Positive
31/01/2020,21.45000076,21.53000069,21.15999985,21.31999969,11420500,0.432431039,-0.606065564,Positive,Positive,Negative,0,Positive
03/02/2020,21.39999962,21.70000076,21.23999977,21.29999924,8202900,0.13043334,-0.467291511,Positive,Positive,Negative,0,Negative
04/02/2020,21.65999985,21.73999977,21.42000008,21.54999924,10185100,0.406247765,-0.50785139,Negative,Negative,Negative,0,Negative
05/02/2020,21.76000023,21.79000092,21.54999924,21.78000069,8857200,0.958332671,0.091913867,Negative,Negative,Positive,0,Negative
06/02/2020,21.86000061,21.93000031,21.73999977,21.84000015,5703500,0.526316318,-0.0914934,Positive,Negative,Negative,0,Positive
07/02/2020,21.68000031,21.77000046,21.54999924,21.72999954,7343100,0.818178666,0.230623784,Positive,Negative,Positive,0,Negative
10/02/2020,22.70000076,22.87000084,21.85000038,21.89999962,13112200,0.049018838,-3.524233998,Negative,Positive,Negative,0,Negative
11/02/2020,22.02000046,22.29999924,21.95999908,22.22999954,9181000,0.794118637,0.953674297,Negative,Negative,Positive,0,Negative
12/02/2020,22.29999924,22.53000069,22.29999924,22.47999954,12993500,0.78260509,0.807176284,Negative,Negative,Positive,0,Positive
13/02/2020,22.35000038,22.38999939,22.13999939,22.21999931,9202700,0.319999695,-0.58166025,Negative,Negative,Negative,0,Negative
14/02/2020,22.25,22.40999985,22.23999977,22.37000084,8979300,0.764711822,0.539329615,Neutral,Negative,Positive,0,Positive
18/02/2020,22.06999969,22.29000092,22,22.23999977,8465800,0.827582805,0.77027675,Negative,Negative,Positive,0,Negative
19/02/2020,22.35000038,22.62999916,22.23999977,22.43000031,13283600,0.487181619,0.357941487,Negative,Negative,Positive,0,Negative
20/02/2020,22.38999939,22.81999969,22.37999916,22.63999939,20458200,0.590908894,1.116569928,Positive,Negative,Positive,0,Negative
21/02/2020,22.55999947,22.78000069,22.51000023,22.70000076,16987100,0.703704489,0.62057314,Positive,Negative,Positive,0,Positive
24/02/2020,22.28000069,22.44000053,21.95999908,22.10000038,21989400,0.291668488,-0.807900806,Positive,Positive,Negative,0,Negative
25/02/2020,22.97999954,23.93000031,22.70000076,23.35000038,44019200,0.528455171,1.61009942,Positive,Positive,Positive,0,Positive
26/02/2020,23.5,23.5,22.70999908,22.70999908,16657000,0,-3.361706024,Positive,Neutral,Negative,0,Positive
27/02/2020,22.26000023,22.36000061,21.72999954,21.87999916,23949800,0.238094229,-1.707102714,Positive,Positive,Negative,0,Positive
28/02/2020,20.97999954,21.37000084,20.17000008,20.79000092,26357500,0.516667038,-0.905617878,Negative,Negative,Negative,0,Negative
02/03/2020,20.89999962,21.87999916,20.77000046,21.86000061,15428100,0.981983267,4.593306265,Negative,Negative,Positive,0,Positive
03/03/2020,21.79999924,21.84000015,20.40999985,20.75,19957500,0.237762294,-4.81651043,Positive,Positive,Negative,0,Negative
04/03/2020,21.01000023,21.63999939,20.75,21.60000038,18364200,0.955057263,2.808187273,Positive,Negative,Positive,0,Positive
05/03/2020,21.07999992,21.70000076,20.96999931,21.54000092,16562300,0.780822562,2.182167901,Positive,Negative,Positive,0,Positive
06/03/2020,20.88999939,21.48999977,20.88999939,21.40999985,12858900,0.866666879,2.48923156,Positive,Negative,Positive,0,Positive
09/03/2020,19.95999908,20.29000092,18.92000008,18.95999908,14985100,0.029196338,-5.01002027,Negative,Positive,Negative,0,Negative
10/03/2020,19.5,20.32999992,18.80999947,19.79000092,9319500,0.644737602,1.487184182,Positive,Positive,Positive,0,Positive
11/03/2020,19.19000053,19.46999931,18.56999969,19.36000061,14195100,0.877779167,0.885878434,Positive,Positive,Positive,0,Positive
12/03/2020,17.39999962,18.56999969,16.35000038,17.51000023,12917200,0.522522615,0.63218743,Negative,Positive,Positive,0,Positive
13/03/2020,18.56999969,18.62000084,16.43000031,17.18000031,16605100,0.34246567,-7.485188005,Positive,Positive,Negative,0,Positive
16/03/2020,15.72000027,15.72000027,14.31999969,14.46000004,16105100,0.100000204,-8.015268495,Positive,Negative,Negative,0,Positive
17/03/2020,14.64000034,15.14000034,13.60999966,14.39999962,20724700,0.516339613,-1.639349175,Positive,Positive,Negative,0,Positive
18/03/2020,13.55000019,14,12.72999954,13.10999966,11237900,0.299212581,-3.247236368,Negative,Negative,Negative,0,Negative
19/03/2020,13.01000023,14.71000004,12.53999996,14.39999962,13536500,0.857142669,10.68408428,Positive,Negative,Positive,0,Positive
20/03/2020,14.42000008,14.80000019,13.59000015,13.94999981,17318900,0.297520368,-3.259363832,Negative,Negative,Negative,0,Positive
23/03/2020,13.77999973,13.96000004,12.97000027,13.69999981,15106500,0.737373445,-0.580550982,Negative,Negative,Negative,0,Negative
24/03/2020,14.28999996,15.64000034,14.01000023,15.47000027,14245700,0.895705482,8.257524901,Negative,Positive,Positive,0,Positive
25/03/2020,15.47999954,16.79999924,14.86999989,15.38000011,14110600,0.264248912,-0.645991155,Positive,Negative,Negative,0,Negative
26/03/2020,15.52999973,18.20999908,15.31000042,17.94000053,20615300,0.906897009,15.518357,Positive,Positive,Positive,0,Positive
27/03/2020,17,17.30999947,16.12000084,16.86000061,11273200,0.621849265,-0.823525821,Positive,Positive,Negative,0,Negative
30/03/2020,16.93000031,18.09000015,16.54999924,17.84000015,11892700,0.837662434,5.375072835,Negative,Positive,Positive,0,Positive
31/03/2020,17.84000015,17.96999931,16.93000031,17.36000061,16771900,0.413462226,-2.690580371,Positive,Positive,Negative,0,Positive
01/04/2020,16.25,16.67000008,14.60999966,14.84000015,18685400,0.111650703,-8.676922138,Negative,Negative,Negative,0,Negative
02/04/2020,14.81000042,15.81999969,14.75,15.48999977,15832200,0.691588768,4.591487726,Negative,Negative,Positive,0,Positive
03/04/2020,15.39000034,15.69999981,14.21000004,14.47999954,12047500,0.181207749,-5.912935548,Positive,Negative,Negative,0,Negative
06/04/2020,15.22000027,15.46000004,14.93000031,15,21196000,0.132074962,-1.445468221,Positive,Positive,Negative,0,Negative
07/04/2020,15.69999981,16.09000015,15.07999992,15.11999989,23111100,0.039603914,-3.694267075,Negative,Negative,Negative,0,Negative
08/04/2020,15.43999958,16.13999939,15.31999969,15.72000027,21466300,0.487805757,1.813475999,Positive,Negative,Positive,0,Negative
09/04/2020,16.03000069,16.48999977,15.82999992,15.97000027,14773100,0.212121781,-0.374300793,Positive,Negative,Negative,0,Positive
13/04/2020,15.94999981,15.94999981,15.40999985,15.53999996,9803100,0.24074097,-2.570531989,Positive,Negative,Negative,0,Negative
14/04/2020,15.90999985,16.14999962,15.52999973,15.92000008,17585800,0.629032928,0.06285499,Positive,Positive,Positive,0,Positive
15/04/2020,15.5,15.55000019,14.93000031,15,9487300,0.112902754,-3.225806452,Neutral,Positive,Negative,0,Negative
16/04/2020,15.05000019,15.34000015,14.55000019,15.23999977,12117400,0.873417233,1.262455668,Positive,Positive,Positive,0,Negative
17/04/2020,15.44999981,15.72999954,15.35999966,15.52000046,17718700,0.432434731,0.453078637,Positive,Negative,Positive,0,Positive
20/04/2020,15.22000027,15.48999977,14.89999962,15.35999966,16571900,0.77966088,0.919838286,Negative,Positive,Positive,0,Positive
21/04/2020,15.06000042,15.21000004,14.39999962,14.42000008,12232300,0.02469191,-4.249670156,Negative,Negative,Negative,0,Negative
22/04/2020,14.80000019,14.89999962,14.51000023,14.78999996,12847100,0.717949157,-0.067569113,Negative,Negative,Negative,0,Positive
23/04/2020,14.89000034,15.10000038,14.59000015,14.61999989,11357300,0.058822979,-1.813300548,Negative,Positive,Negative,0,Negative
24/04/2020,14.80000019,15.05000019,14.76000023,15,11254600,0.827585527,1.351350045,Positive,Positive,Positive,0,Negative
27/04/2020,15.11999989,15.26000023,14.97999954,15.02999973,11356200,0.178571672,-0.595239109,Positive,Positive,Negative,0,Negative
28/04/2020,15.39000034,15.86999989,15.36999989,15.52000046,15964400,0.300001144,0.844705078,Negative,Positive,Positive,0,Negative
29/04/2020,15.89999962,16.63999939,15.85999966,16.28000069,18232300,0.538463043,2.389943882,Negative,Positive,Positive,0,Positive
30/04/2020,16.17000008,16.18000031,15.48999977,15.51000023,11954700,0.028986148,-4.08163169,Negative,Negative,Negative,0,Positive
01/05/2020,15.10999966,15.22000027,14.61999989,14.71000004,9405800,0.150000159,-2.64725101,Negative,Negative,Negative,0,Negative
04/05/2020,14.63000011,14.93999958,14.40999985,14.89999962,9864900,0.924528336,1.845519494,Negative,Positive,Positive,0,Positive
05/05/2020,15.10000038,15.26000023,14.77999973,14.81000042,10683400,0.062501366,-1.9205295,Positive,Positive,Negative,0,Positive
06/05/2020,14.97999954,15.10000038,14.53999996,14.65999985,8422800,0.214285349,-2.136179603,Positive,Negative,Negative,0,Negative
07/05/2020,14.89999962,15.23999977,14.88000011,14.94999981,9652300,0.194443782,0.335571758,Negative,Positive,Positive,0,Negative
08/05/2020,15.22000027,15.73999977,15.22000027,15.65999985,12000300,0.846153846,2.890930175,Positive,Positive,Positive,0,Positive
11/05/2020,15.42000008,15.59000015,14.89000034,15.42000008,9961700,0.757142682,0,Negative,Negative,Neutral,0,Positive
12/05/2020,15.5,15.59000015,14.85999966,14.86999989,9161000,0.013698934,-4.064516867,Positive,Negative,Negative,0,Positive
13/05/2020,14.81999969,14.88000011,13.89999962,14.06000042,12796100,0.163266041,-5.128200343,Negative,Negative,Negative,0,Negative
14/05/2020,13.81000042,14.52000046,13.39000034,14.51000023,14935300,0.991150241,5.068789196,Negative,Negative,Positive,0,Negative
15/05/2020,14.30000019,14.89999962,14.18999958,14.85999966,13232100,0.943662029,3.916080129,Negative,Positive,Positive,0,Negative
18/05/2020,15.35999966,16.29000092,15.31999969,16.12000084,18013000,0.82474241,4.947924476,Negative,Negative,Positive,0,Negative
19/05/2020,16.12999916,17.18000031,16.12000084,16.72999954,19523700,0.575470764,3.719779372,Negative,Negative,Positive,0,Negative
20/05/2020,17.07999992,17.54000092,17.04000092,17.29999924,16561300,0.519996643,1.288052192,Negative,Positive,Positive,0,Positive
21/05/2020,17.19000053,17.35000038,16.88999939,17.18000031,8731500,0.630435414,-0.058174686,Positive,Negative,Negative,0,Positive
22/05/2020,17.10000038,17.10000038,16.71999931,17,8480500,0.736841841,-0.584797539,Negative,Positive,Negative,0,Negative
26/05/2020,17.39999962,17.46999931,17.03000069,17.05999947,9027300,0.068179257,-1.954023908,Positive,Negative,Negative,0,Negative
27/05/2020,17.39999962,17.47999954,16.79000092,17.12000084,15044600,0.478261711,-1.609188422,Negative,Negative,Negative,0,Positive
28/05/2020,15.69999981,15.69999981,14.93999958,15.01000023,50083800,0.092106089,-4.394901839,Negative,Negative,Negative,0,Negative
29/05/2020,15.02000046,15.17000008,14.85999966,15.14000034,29035900,0.903226799,0.798933967,Positive,Negative,Positive,0,Positive
01/06/2020,15.05000019,15.57999992,14.94999981,15.13000011,19564600,0.285714718,0.531560948,Negative,Positive,Positive,0,Negative
02/06/2020,15.23999977,15.86999989,15.01000023,15.78999996,28266700,0.906976796,3.60892519,Negative,Positive,Positive,0,Negative
03/06/2020,16.14999962,16.97999954,16.04999924,16.86000061,19391500,0.870968933,4.396291075,Negative,Negative,Positive,0,Positive
04/06/2020,16.47999954,16.87000084,16.31999969,16.46999931,20873100,0.272726012,-0.060681002,Negative,Positive,Negative,0,Negative
05/06/2020,17.20000076,17.63999939,17.12999916,17.40999985,19470700,0.549020708,1.220924856,Positive,Negative,Positive,0,Negative
08/06/2020,17.63999939,18.32999992,17.61000061,18.17000008,18930900,0.777777778,3.004539144,Negative,Negative,Positive,0,Positive
09/06/2020,17.54000092,17.65999985,17.22999954,17.5,15369200,0.627907596,-0.228055379,Negative,Positive,Negative,0,Positive
10/06/2020,17.36000061,17.42000008,16.79999924,16.88999939,24239900,0.14516134,-2.707380208,Positive,Negative,Negative,0,Positive
11/06/2020,16.07999992,16.37999916,15.55000019,15.65999985,22947700,0.132529871,-2.611940785,Positive,Positive,Negative,0,Negative
12/06/2020,16.26000023,16.43000031,15.89000034,16.28000069,13611900,0.722222909,0.123004044,Negative,Positive,Positive,0,Negative
15/06/2020,15.82999992,17,15.67000008,16.87000084,15649900,0.902256264,6.569809984,Negative,Negative,Positive,0,Negative
16/06/2020,17.39999962,17.61000061,16.76000023,17.25,15253100,0.57647006,-0.862066792,Positive,Positive,Negative,0,Positive
17/06/2020,17.34000015,17.37999916,16.77000046,16.81999969,12427500,0.081966137,-2.998849211,Negative,Positive,Negative,0,Negative
18/06/2020,16.62999916,17.10000038,16.56999969,16.92000008,10313100,0.660377223,1.743842033,Negative,Negative,Positive,0,Positive
19/06/2020,17.23999977,17.35000038,16.70000076,16.78000069,29456100,0.123076878,-2.668208182,Negative,Negative,Negative,0,Negative
22/06/2020,16.67000008,16.95000076,16.39999962,16.93000031,10895000,0.963635607,1.559689428,Positive,Negative,Positive,0,Negative
23/06/2020,17.12999916,17.35000038,16.96999931,17.01000023,12517300,0.105265271,-0.700519193,Positive,Positive,Negative,0,Positive
24/06/2020,16.80999947,16.85000038,16.18000031,16.20000076,17669700,0.029851426,-3.628784785,Negative,Positive,Negative,0,Negative
25/06/2020,16.10000038,16.39999962,15.98999977,16.37000084,13512000,0.926832218,1.677021437,Positive,Negative,Positive,0,Negative
26/06/2020,16.29000092,16.76000023,16.07999992,16.61000061,30227400,0.779412425,1.964393351,Negative,Negative,Positive,0,Negative
29/06/2020,16.70000076,17.28000069,16.47999954,17.12999916,12255900,0.812498361,2.574840588,Positive,Negative,Positive,0,Negative
30/06/2020,17.11000061,17.46999931,16.97999954,17.43000031,12307100,0.918369333,1.870249465,Negative,Positive,Positive,0,Positive
01/07/2020,17.40999985,17.59000015,16.92000008,17,11761700,0.119402858,-2.354967553,Negative,Negative,Negative,0,Negative
02/07/2020,17.23999977,17.60000038,16.98999977,17.06999969,10167400,0.131147285,-0.986079342,Positive,Negative,Negative,30,Negative
06/07/2020,17.35000038,17.62999916,17.32999992,17.45999908,11548700,0.433331638,0.633998274,Positive,Negative,Positive,39,Positive
07/07/2020,17.29000092,17.38999939,16.55999947,16.62999916,14367300,0.084336989,-3.817245343,Negative,Negative,Negative,26,Negative
08/07/2020,16.87000084,16.89999962,16.43000031,16.75,16397400,0.680851409,-0.711326812,Positive,Positive,Negative,0,Positive
09/07/2020,16.70000076,16.73999977,16.02000046,16.40999985,12495000,0.541666336,-1.736532349,Negative,Positive,Negative,29,Negative
10/07/2020,16.45000076,17.06999969,16.40999985,16.98999977,11230100,0.878787966,3.28266859,Positive,Negative,Positive,0,Negative
13/07/2020,17.17000008,17.61000061,16.95999908,17.07999992,10659000,0.184616242,-0.52417095,Negative,Positive,Negative,0,Negative
14/07/2020,16.97999954,17.82999992,16.93000031,17.79000092,14898500,0.955556639,4.770326238,Negative,Negative,Positive,34,Neutral
15/07/2020,17.97999954,18.36000061,17.64999962,17.79000092,14876500,0.19718465,-1.056722089,Positive,Positive,Negative,0,Negative
16/07/2020,17.73999977,17.96999931,17.65999985,17.82999992,8319300,0.548388288,0.507328939,Positive,Negative,Positive,39,Positive
17/07/2020,17.95000076,18,17.39999962,17.54999924,14076400,0.249999205,-2.228420662,Negative,Negative,Negative,28,Negative
20/07/2020,17.40999985,17.70999908,17.27000046,17.64999962,8371400,0.863637152,1.37851679,Negative,Negative,Positive,23,Positive
21/07/2020,17.77000046,18.03000069,17.45999908,17.47999954,10038400,0.035088424,-1.631969094,Positive,Negative,Negative,24,Negative
22/07/2020,17.39999962,17.79999924,17.30999947,17.72999954,8483400,0.857143413,1.896551327,Positive,Negative,Positive,0,Positive
23/07/2020,17.70000076,17.93000031,17.53000069,17.65999985,7281300,0.324998212,-0.225993863,Negative,Negative,Negative,0,Positive
24/07/2020,17.55999947,17.64999962,17.32999992,17.5,8019400,0.531250745,-0.341682618,Negative,Negative,Negative,17,Negative
27/07/2020,17.59000015,17.86000061,17.45999908,17.80999947,9427300,0.874997616,1.250706717,Positive,Negative,Positive,0,Positive
28/07/2020,17.77000046,17.87000084,16.65999985,16.70000076,19906000,0.033058581,-6.021382483,Negative,Negative,Negative,52,Negative
29/07/2020,16.80999947,17.20999908,16.77000046,17.07999992,12325900,0.70454644,1.606189568,Positive,Positive,Positive,35,Negative
30/07/2020,16.90999985,17.29999924,16.72999954,17.23999977,8938700,0.894737723,1.95150755,Negative,Negative,Positive,11,Negative
31/07/2020,17.28000069,17.62999916,17.14999962,17.57999992,14603400,0.895834823,1.736106627,Negative,Negative,Positive,0,Negative
03/08/2020,17.59000015,17.87999916,17.37999916,17.77000046,7614300,0.780002594,1.023310424,Negative,Negative,Positive,0,Negative
04/08/2020,17.79000092,18.02000046,17.69000053,17.88999939,8697100,0.606057278,0.562104941,Negative,Negative,Positive,0,Negative
05/08/2020,18.04999924,18.21999931,17.87999916,17.96999931,9822400,0.264706212,-0.443212892,Positive,Negative,Negative,0,Negative
06/08/2020,17.85000038,18.36000061,17.84000015,18.27000046,8267200,0.826922936,2.352941554,Positive,Positive,Positive,37,Negative
07/08/2020,18.23999977,18.46999931,18.15999985,18.46999931,6907700,1,1.260962418,Negative,Negative,Positive,0,Negative
10/08/2020,18.5,19.04000092,18.48999977,18.97999954,8436300,0.890906821,2.59459212,Positive,Positive,Positive,0,Positive
11/08/2020,19,19.43000031,18.47999954,18.56999969,10594000,0.094736927,-2.263159501,Negative,Negative,Negative,0,Negative
12/08/2020,18.80999947,18.86000061,18.39999962,18.79999924,9132400,0.869562513,-0.053164429,Positive,Negative,Negative,25,Positive
13/08/2020,18.54999924,18.71999931,18.35000038,18.37999916,9263200,0.081078016,-0.916442497,Positive,Positive,Negative,0,Positive
14/08/2020,18.28000069,18.35000038,18.04000092,18.18000031,11523000,0.451611712,-0.547048018,Negative,Negative,Negative,23,Positive
17/08/2020,18.23999977,18.32999992,17.89999962,17.95000076,12917000,0.116281649,-1.589906863,Neutral,Negative,Negative,28,Negative
18/08/2020,17.94000053,18.27000046,17.80999947,18.23999977,8279000,0.934781257,1.6722365,Negative,Positive,Positive,0,Positive
19/08/2020,18.29999924,18.48999977,18.09000015,18.13999939,6196900,0.124998212,-0.874316143,Positive,Positive,Negative,0,Negative
20/08/2020,18,18.21999931,17.96999931,18.14999962,5865500,0.720001221,0.833331214,Positive,Negative,Positive,28,Negative
21/08/2020,18.11000061,18.29999924,17.95000076,18.22999954,7473800,0.8,0.662611418,Negative,Positive,Positive,34,Negative
24/08/2020,18.42000008,18.82999992,18.42000008,18.64999962,5670000,0.560974702,1.248640289,Negative,Positive,Positive,84,Positive
25/08/2020,18.71999931,18.79999924,18.29999924,18.44000053,7465100,0.280002594,-1.49572003,Negative,Negative,Negative,30,Positive
26/08/2020,18.5,18.57999992,18.29999924,18.32999992,10461000,0.107145047,-0.918919331,Positive,Positive,Negative,0,Negative
27/08/2020,18.5,18.86000061,18.35000038,18.70000076,14543400,0.68627495,1.081085205,Positive,Negative,Positive,0,Negative
28/08/2020,19.28000069,20.18000031,18.85000038,19.85000038,22607800,0.751879742,2.956429847,Positive,Negative,Positive,28,Positive
31/08/2020,19.79999924,20.17000008,19.54999924,19.54999924,18537600,0,-1.262626311,Negative,Negative,Negative,64,Positive
01/09/2020,19.53000069,19.54999924,19.05999947,19.26000023,12850600,0.408165013,-1.382490775,Positive,Positive,Negative,0,Negative
02/09/2020,19.37999916,19.89999962,19.32999992,19.84000015,10325900,0.894737723,2.373586232,Positive,Positive,Positive,32,Positive
03/09/2020,19.67000008,20.04999924,19.11000061,19.29999924,12562400,0.202126494,-1.881041372,Positive,Positive,Negative,23,Positive
04/09/2020,19.25,19.5,18.92000008,19.22999954,10339300,0.534481908,-0.103898482,Positive,Negative,Negative,0,Negative
08/09/2020,18.87000084,19.97999954,18.72999954,19.45000076,17584200,0.576000977,3.073661356,Negative,Negative,Positive,0,Negative
09/09/2020,19.51000023,19.82999992,19.45000076,19.70000076,10103400,0.65789619,0.973862285,Positive,Negative,Positive,0,Positive
10/09/2020,19.78000069,19.84000015,18.97999954,19.01000023,10408300,0.034884495,-3.89282321,Negative,Positive,Negative,28,Negative
11/09/2020,19.19000053,19.46999931,19.04000092,19.29000092,10224500,0.581397515,0.521106715,Positive,Negative,Positive,0,Negative
14/09/2020,19.5,19.62999916,19.28000069,19.32999992,12678100,0.142855586,-0.871795263,Negative,Negative,Negative,17,Positive
15/09/2020,19.43000031,19.76000023,19.25,19.26000023,8732700,0.019608283,-0.874936045,Negative,Negative,Negative,0,Negative
16/09/2020,19.43000031,19.76000023,19.37000084,19.40999985,9701400,0.10256172,-0.102935962,Negative,Positive,Negative,35,Positive
17/09/2020,19.13999939,19.26000023,18.88999939,19.13999939,8434100,0.675674143,0,Negative,Negative,Neutral,13,Positive
18/09/2020,19.09000015,19.25,18.87999916,18.95000076,21729600,0.18919309,-0.733365053,Positive,Positive,Negative,0,Positive
21/09/2020,18.52000046,18.57999992,18.09000015,18.34000015,11370400,0.51020432,-0.97192387,Negative,Positive,Negative,0,Negative
22/09/2020,18.42000008,18.59000015,18.27000046,18.44000053,8167500,0.531250745,0.108580118,Negative,Positive,Positive,0,Positive
23/09/2020,18.70999908,18.95000076,18.26000023,18.31999969,9745200,0.08695568,-2.08444366,Negative,Negative,Negative,38,Positive
24/09/2020,18.12000084,18.42000008,17.82999992,18.14999962,8950500,0.542372224,0.165556169,Positive,Positive,Positive,21,Negative
25/09/2020,18,18.45999908,17.96999931,18.29999924,7839200,0.673469547,1.666662428,Negative,Negative,Positive,0,Negative
28/09/2020,18.60000038,18.95000076,18.55999947,18.86000061,11572100,0.769231145,1.397850664,Positive,Negative,Positive,17,Negative
29/09/2020,18.85000038,19.14999962,18.84000015,18.92000008,8211400,0.258064715,0.371351159,Negative,Positive,Positive,14,Negative
30/09/2020,18.87999916,19.31999969,18.84000015,18.98999977,11925400,0.312499503,0.582630377,Positive,Negative,Positive,0,Negative
01/10/2020,19.10000038,19.28000069,18.93000031,19,10634200,0.19999891,-0.523562196,Positive,Positive,Negative,15,Negative
02/10/2020,18.53000069,19.30999947,18.5,19.09000015,8391100,0.72839573,3.022123288,Negative,Negative,Positive,11,Negative
05/10/2020,19.31999969,19.59000015,19.10000038,19.30999947,9371300,0.42856976,-0.05176102,Negative,Positive,Negative,0,Positive
06/10/2020,19.5,19.60000038,18.95000076,18.95999908,11898900,0.015382042,-2.769235464,Positive,Positive,Negative,16,Negative
07/10/2020,19.15999985,19.30999947,19.04000092,19.22999954,11850000,0.703702396,0.365342878,Negative,Negative,Positive,19,Negative
08/10/2020,19.36000061,19.51000023,19.27000046,19.39999962,8393500,0.541663686,0.206606441,Positive,Negative,Positive,0,Positive
09/10/2020,19.61000061,19.68000031,19.23999977,19.37000084,8176000,0.295456614,-1.22386417,Positive,Negative,Negative,13,Negative
12/10/2020,19.56999969,19.85000038,19.34000015,19.82999992,7831400,0.960783434,1.328565319,Negative,Positive,Positive,24,Positive
13/10/2020,19.95999908,19.96999931,19.54999924,19.68000031,7111600,0.309526296,-1.40279956,Negative,Negative,Negative,34,Positive
14/10/2020,19.68000031,19.93000031,19.46999931,19.5,6033400,0.065218743,-0.914635683,Positive,Negative,Negative,20,Negative
15/10/2020,19.27000046,19.57999992,19.11000061,19.55999947,7697800,0.957445772,1.50492476,Positive,Positive,Positive,38,Negative
16/10/2020,19.62000084,19.81999969,19.59000015,19.60000038,7409100,0.043479343,-0.101939128,Positive,Negative,Negative,13,Positive
19/10/2020,19.67000008,19.77000046,19.31999969,19.36000061,5010500,0.088890773,-1.576001346,Negative,Negative,Negative,0,Negative
20/10/2020,19.51000023,19.76000023,19.36000061,19.37000084,6142600,0.025000596,-0.717577591,Positive,Negative,Negative,24,Positive
21/10/2020,19.30999947,19.46999931,19.20999908,19.21999931,5817100,0.038462385,-0.466080555,Negative,Positive,Negative,0,Negative
22/10/2020,19.17000008,19.45000076,18.97999954,19.35000038,6149500,0.787233784,0.938968724,Positive,Negative,Positive,8,Positive
23/10/2020,19.29999924,19.45000076,19.05999947,19.12000084,6232100,0.153849163,-0.932634223,Positive,Negative,Negative,13,Positive
26/10/2020,18.87999916,19,18.06999969,18.25,12399800,0.193548652,-3.33686011,Negative,Negative,Negative,19,Positive
27/10/2020,18.28000069,18.37999916,17.95999908,17.97999954,8907300,0.047620129,-1.641144054,Positive,Positive,Negative,2,Positive
28/10/2020,17.45000076,17.75,17.29999924,17.35000038,12223900,0.111113466,-0.573068064,Positive,Positive,Negative,28,Negative
29/10/2020,17.28000069,17.90999985,17.25,17.78000069,7721800,0.803031529,2.893518404,Positive,Negative,Positive,15,Negative
30/10/2020,17.62999916,17.96999931,17.52000046,17.95999908,7882600,0.977777213,1.871809072,Negative,Negative,Positive,0,Negative
02/11/2020,18.18000031,18.48999977,18.02000046,18.40999985,7499100,0.829787148,1.265123973,Negative,Negative,Positive,0,Negative
03/11/2020,18.68000031,18.79000092,18.55999947,18.62000084,6340200,0.260873892,-0.321196279,Negative,Positive,Negative,0,Positive
04/11/2020,18.63999939,18.67000008,18.25,18.28000069,8512600,0.071430193,-1.931323577,Positive,Negative,Negative,0,Negative
05/11/2020,18.60000038,19.20000076,18.59000015,19.12999916,8926200,0.88524339,2.849455744,Positive,Negative,Positive,7,Negative
06/11/2020,19.10000038,19.34000015,18.96999931,19.25,6515700,0.756756896,0.785338301,Negative,Positive,Positive,0,Negative
09/11/2020,19.92000008,20.60000038,19.63999939,19.72999954,13946800,0.093750062,-0.953817938,Negative,Negative,Negative,0,Negative
10/11/2020,19.77000046,20.07999992,19.65999985,19.87000084,11227200,0.500002271,0.505818812,Negative,Positive,Positive,7,Positive
11/11/2020,19.92000008,19.95000076,19.20000076,19.36000061,9736400,0.21333313,-2.811242288,Positive,Negative,Negative,0,Positive
12/11/2020,19.20999908,19.36000061,18.69000053,18.93000031,8877500,0.358208573,-1.457567895,Positive,Negative,Negative,0,Negative
13/11/2020,19.05999947,19.65999985,19.03000069,19.61000061,6526600,0.920636026,2.885630429,Negative,Negative,Positive,0,Negative
16/11/2020,19.88999939,20.38999939,19.73999977,20.29999924,11140100,0.861538146,2.061336652,Negative,Positive,Positive,11,Negative
17/11/2020,20.03000069,20.89999962,19.85000038,20.5,12321500,0.619047706,2.346476771,Negative,Positive,Positive,19,Positive
18/11/2020,20.61000061,20.95000076,20.44000053,20.45000076,9110300,0.019608283,-0.77632141,Positive,Positive,Negative,17,Negative
19/11/2020,20.36000061,20.57999992,20.12999916,20.5,5731600,0.822222693,0.687619771,Negative,Negative,Positive,0,Positive
20/11/2020,20.52000046,20.69000053,20.32999992,20.45000076,7255900,0.333335099,-0.341129109,Negative,Positive,Negative,0,Negative
23/11/2020,20.70000076,21.27000046,20.57999992,21.19000053,8895700,0.884058171,2.367148565,Negative,Positive,Positive,42,Negative
24/11/2020,21.31999969,21.94000053,21.26000023,21.75,17525300,0.720587575,2.016887014,Negative,Negative,Positive,0,Negative
25/11/2020,22.87999916,23.35000038,21.86000061,22.25,18762300,0.261744597,-2.753492937,Positive,Positive,Negative,0,Negative
27/11/2020,22.04999924,22.38999939,22.02000046,22.27000046,6690200,0.675677626,0.997737997,Neutral,Neutral,Positive,0,Positive
30/11/2020,22.09000015,22.29000092,21.79999924,21.93000031,14794200,0.265307393,-0.724308947,Positive,Negative,Negative,0,Negative
01/12/2020,22.21999931,22.59000015,22.07999992,22.37999916,11564600,0.588233534,0.720071343,Negative,Negative,Positive,0,Negative
02/12/2020,22.36000061,22.97999954,22.26000023,22.81999969,8710000,0.777777778,2.05724093,Negative,Negative,Positive,0,Negative
03/12/2020,22.79999924,23.43000031,22.76000023,23.23999977,8730600,0.716417146,1.929826968,Negative,Positive,Positive,19,Negative
04/12/2020,23.26000023,23.87999916,23.25,23.78000069,8720500,0.841272052,2.235599538,Positive,Negative,Positive,0,Positive
07/12/2020,23.56999969,23.88999939,23.36000061,23.68000031,8380900,0.6037744,0.466697547,Positive,Negative,Positive,2,Positive
08/12/2020,23.32999992,23.76000023,23.29999924,23.52000046,7938400,0.478262492,0.814404349,Positive,Positive,Positive,12,Positive
09/12/2020,23.14999962,23.79000092,23.13999939,23.19000053,10541100,0.076924657,0.172790135,Negative,Positive,Positive,20,Positive
10/12/2020,22.88999939,23.44000053,22.85000038,23.17000008,10405000,0.542372224,1.223244623,Positive,Negative,Positive,0,Positive
11/12/2020,23.01000023,23.35000038,22.90999985,23.11000061,7718900,0.454546637,0.434595308,Negative,Positive,Positive,0,Negative
14/12/2020,23.12000084,23.52000046,23.12000084,23.20999908,6512300,0.224995828,0.389265752,Negative,Negative,Positive,19,Negative
15/12/2020,23.5,23.78000069,23.45999908,23.70999908,6973600,0.781246088,0.893613125,Negative,Negative,Positive,17,Negative
16/12/2020,24.06999969,24.29999924,23.84000015,23.97999954,11160100,0.304347105,-0.37391007,Negative,Negative,Negative,39,Negative
17/12/2020,24.18000031,24.29000092,23.95999908,24.21999931,10914900,0.78787511,0.165421868,Negative,Positive,Positive,0,Negative
18/12/2020,24.10000038,24.53000069,24.05999947,24.45999908,17948100,0.851060808,1.493770528,Positive,Positive,Positive,20,Positive
21/12/2020,23.95999908,24.20000076,23.71999931,24,10390200,0.583333002,0.166948736,Positive,Positive,Positive,10,Negative
22/12/2020,24.09000015,24.37000084,24.05999947,24.15999985,7150200,0.322580447,0.290575734,Negative,Negative,Positive,8,Negative
23/12/2020,24.15999985,24.45999908,24.14999962,24.20999908,4538500,0.193546998,0.206950486,Positive,Negative,Positive,22,Negative
24/12/2020,24.32999992,24.45000076,24.15999985,24.26000023,2309800,0.344827813,-0.287709392,Neutral,Neutral,Negative,0,Negative
28/12/2020,24.30999947,24.62999916,24.25,24.27000046,5592900,0.0526329,-0.164537265,Negative,Negative,Negative,15,Positive
29/12/2020,24.27000046,24.43000031,23.96999931,24.04999924,5831200,0.173912503,-0.906473904,Negative,Negative,Negative,0,Negative
30/12/2020,24.20000076,24.69000053,24.20000076,24.31999969,7556300,0.244895894,0.495863339,Negative,Negative,Positive,34,Negative
31/12/2020,24.34000015,24.69000053,24.22999954,24.59000015,6368200,0.782608335,1.027115852,Positive,Negative,Positive,12,Positive
04/01/2021,24.70000076,24.94000053,23.85000038,24.11000061,8041600,0.238532287,-2.388664512,Negative,Negative,Negative,11,Negative
05/01/2021,24.07999992,24.71999931,24.07999992,24.45999908,7856500,0.593749255,1.57806961,Negative,Positive,Positive,0,Negative
06/01/2021,24.62000084,25.37999916,24.62000084,24.95999908,8471800,0.4473671,1.38098389,Negative,Negative,Positive,0,Negative
07/01/2021,25.27000046,25.79999924,25.05999947,25.75,9288400,0.932433443,1.89948371,Negative,Positive,Positive,0,Positive
08/01/2021,25.69000053,25.94000053,25.38999939,25.53000069,7514100,0.254547283,-0.622809825,Negative,Negative,Negative,0,Negative
11/01/2021,25.5,25.93000031,25.34000015,25.78000069,8907000,0.745763424,1.098041908,Negative,Positive,Positive,0,Negative
12/01/2021,25.82999992,26.14999962,25.75,25.90999985,7280700,0.4,0.309717088,Positive,Negative,Positive,18,Positive
13/01/2021,25.98999977,26.04000092,25.70000076,25.70999908,6596600,0.029406815,-1.077340089,Negative,Positive,Negative,14,Positive
14/01/2021,25.57999992,25.93000031,25.55999947,25.62000084,8290500,0.162165506,0.156375745,Positive,Positive,Positive,0,Positive
15/01/2021,25.45999908,25.56999969,24.98999977,25.17000008,8364600,0.310345395,-1.139037779,Negative,Negative,Negative,0,Positive
19/01/2021,25.26000023,25.37999916,24.98999977,25.13999939,6794200,0.384615008,-0.4750627,Negative,Negative,Negative,0,Negative
20/01/2021,25.21999931,25.31999969,25.04999924,25.20000076,6270500,0.555560265,-0.079296396,Positive,Positive,Negative,0,Negative
21/01/2021,25.40999985,25.44000053,24.97999954,25.36000061,7160000,0.826087497,-0.196769923,Positive,Positive,Negative,2,Positive
22/01/2021,25.11000061,25.35000038,24.96999931,25.27000046,6684500,0.789474477,0.637195713,Negative,Positive,Positive,23,Positive
25/01/2021,25.21999931,25.27000046,24.40999985,25.02000046,9953100,0.709302532,-0.793016895,Positive,Positive,Negative,13,Positive
26/01/2021,25.19000053,25.36000061,24.38999939,24.62000084,11548300,0.237114598,-2.26280144,Negative,Positive,Negative,14,Negative
27/01/2021,24.18000031,25.23999977,24.15999985,24.85000038,12948600,0.638889429,2.77088531,Positive,Positive,Positive,2,Negative
28/01/2021,24.97999954,25.35000038,24.85000038,24.87000084,9292900,0.040000916,-0.440347098,Positive,Negative,Negative,9,Positive
29/01/2021,24.77000046,24.98999977,24.06999969,24.34000015,14666900,0.293478734,-1.735972133,Negative,Negative,Negative,9,Negative
01/02/2021,24.47999954,24.57999992,24.10000038,24.47999954,9353000,0.791665673,0,Negative,Positive,Neutral,25,Negative
02/02/2021,24.78000069,25,24.67000008,24.88999939,5952800,0.66666474,0.44390113,Negative,Negative,Positive,16,Negative
03/02/2021,24.86000061,25.34000015,24.77000046,25.22999954,6300500,0.80701637,1.488330341,Negative,Positive,Positive,0,Negative
04/02/2021,25.20999908,25.95999908,25.11000061,25.95000076,6963400,0.988237248,2.935349882,Negative,Negative,Positive,25,Negative
05/02/2021,26,26.57999992,25.95000076,26.14999962,7267500,0.317458924,0.57692161,Negative,Negative,Positive,20,Negative
08/02/2021,26.37000084,27.36000061,26.30999947,27.29999924,8426300,0.942855897,3.526728738,Negative,Negative,Positive,38,Positive
09/02/2021,27.32999992,27.54999924,27.09000015,27.09000015,7065500,0,-0.878155038,Negative,Negative,Negative,0,Negative
10/02/2021,27.20999908,27.53000069,26.94000053,27.14999962,6267500,0.35593056,-0.220505211,Positive,Positive,Negative,33,Negative
11/02/2021,27.29999924,27.47999954,26.93000031,27.37999916,6265600,0.818180872,0.293040022,Negative,Positive,Positive,31,Negative
12/02/2021,27.37999916,27.5,27.22999954,27.48999977,3941200,0.962962178,0.401755346,Negative,Positive,Positive,2,Positive
16/02/2021,27.53000069,27.68000031,27,27.15999985,6380700,0.235293788,-1.343991391,Negative,Positive,Negative,4,Positive
17/02/2021,27,27.07999992,26.22999954,26.28000069,9402800,0.058824849,-2.666664124,Positive,Negative,Negative,52,Negative
18/02/2021,26.09000015,26.45000076,25.95999908,26.40999985,7345300,0.918365758,1.226522395,Positive,Negative,Positive,16,Negative
19/02/2021,26.70000076,27.13999939,26.64999962,27.10000038,8979600,0.918369333,1.498125869,Negative,Negative,Positive,11,Negative
22/02/2021,26.98999977,27.35000038,26.79999924,27.12000084,9524800,0.581819884,0.481663836,Negative,Positive,Positive,0,Negative
23/02/2021,27.03000069,27.44000053,26.48999977,27.37999916,11845500,0.93684071,1.294851888,Negative,Positive,Positive,0,Negative
24/02/2021,27.29999924,28.26000023,27.20999908,27.96999931,8275900,0.723808953,2.454212802,Negative,Positive,Positive,52,Negative
25/02/2021,27.89999962,30,27.21999931,28.19000053,18366000,0.348921216,1.039429819,Positive,Positive,Positive,0,Negative
26/02/2021,29.42000008,30.25,28.82999992,28.96999931,26078200,0.098591114,-1.529574309,Positive,Positive,Negative,56,Negative
01/03/2021,29.37000084,30.44000053,29.15999985,29.57999992,17327800,0.328124884,0.715012184,Positive,Negative,Positive,0,Negative
02/03/2021,29.42000008,30.29000092,29.32999992,30.04000092,10928600,0.739583602,2.107412772,Negative,Positive,Positive,0,Positive
03/03/2021,29.94000053,30.28000069,29.52000046,29.81999969,10059700,0.394735719,-0.400804399,Negative,Positive,Negative,0,Positive
04/03/2021,29.45999908,29.85000038,27.85000038,28.06999969,14448400,0.109999657,-4.718260125,Negative,Positive,Negative,0,Negative
05/03/2021,28.29999924,29.78000069,28.12000084,29.75,13688900,0.981927296,5.123677746,Positive,Positive,Positive,19,Negative
08/03/2021,29.61000061,30.68000031,29.55999947,30.15999985,13142600,0.535714225,1.857477966,Positive,Negative,Positive,25,Positive
09/03/2021,30.04000092,30.55999947,29.85000038,30.10000038,10337000,0.35211313,0.199731905,Negative,Negative,Positive,15,Negative
10/03/2021,30.05999947,30.56999969,30.01000023,30.26000023,11820400,0.446428997,0.665338545,Negative,Negative,Positive,16,Negative
11/03/2021,30.37000084,30.47999954,29.96999931,30.34000015,10122500,0.725491516,-0.098783951,Positive,Positive,Negative,10,Positive
12/03/2021,30.26000023,30.82999992,30.12000084,30.28000069,9478300,0.225352188,0.066095366,Positive,Negative,Positive,5,Negative
15/03/2021,30.26000023,30.80999947,30.07999992,30.79000092,12813700,0.972604708,1.751489368,Positive,Negative,Positive,7,Positive
16/03/2021,30.80999947,30.97999954,30.38999939,30.43000031,10605200,0.067798144,-1.233363088,Positive,Positive,Negative,0,Negative
17/03/2021,30.29000092,30.79000092,30.26000023,30.73999977,12590100,0.90565834,1.485635002,Positive,Negative,Positive,0,Positive
18/03/2021,30.55999947,31.11000061,30.21999931,30.30999947,11022700,0.10112362,-0.818062842,Negative,Negative,Negative,15,Positive
19/03/2021,30.04000092,30.31999969,29.68000031,30.07999992,49810500,0.625,0.133152487,Negative,Positive,Positive,0,Negative
22/03/2021,30.11000061,30.71999931,29.86000061,30.46999931,14955000,0.709301887,1.195611743,Positive,Positive,Positive,9,Positive
23/03/2021,30.34000015,30.56999969,29.44000053,29.57999992,10313100,0.123893357,-2.50494471,Negative,Negative,Negative,0,Positive
24/03/2021,29.72999954,30.26000023,29.36000061,29.37000084,9073900,0.01111137,-1.210893739,Positive,Positive,Negative,4,Negative
25/03/2021,29.11000061,30.02000046,28.96999931,29.88999939,9561200,0.876189594,2.679487334,Negative,Negative,Positive,15,Negative
26/03/2021,30.02000046,31.69000053,30.02000046,31.65999985,13195700,0.982035518,5.463022534,Negative,Positive,Positive,16,Positive
29/03/2021,31.59000015,31.94000053,31.01000023,31.06999969,9661500,0.064515534,-1.646091976,Positive,Positive,Negative,0,Negative
30/03/2021,31,31.65999985,30.95999908,31.55999947,7219500,0.857142468,1.80644989,Positive,Negative,Positive,9,Negative
31/03/2021,31.60000038,32.11999893,31.60000038,31.75,8919000,0.288461609,0.474682331,Negative,Negative,Positive,0,Negative
01/04/2021,32.08000183,32.13999939,31.61000061,32.04999924,7866900,0.830188,-0.09352429,Positive,Negative,Negative,26,Negative
05/04/2021,32.31999969,32.61999893,31.75,32.45999908,6915200,0.816091904,0.433166432,Negative,Negative,Positive,25,Positive
06/04/2021,32.33000183,32.56999969,32.04999924,32.29000092,8973300,0.461541283,-0.12372692,Negative,Positive,Negative,13,Positive
07/04/2021,32.20000076,32.66999817,32.15000153,32.27999878,6836800,0.249996332,0.248441039,Positive,Negative,Positive,19,Negative
08/04/2021,32.52000046,32.68999863,32.04000092,32.38000107,7066500,0.523079,-0.430502422,Positive,Positive,Negative,0,Negative
09/04/2021,32.38000107,32.99000168,32.34000015,32.97999954,6635300,0.984612134,1.852990903,Negative,Positive,Positive,0,Positive
12/04/2021,32.97999954,33.18000031,32.56000137,32.74000168,7861600,0.290323573,-0.727707299,Negative,Negative,Negative,0,Negative
13/04/2021,32.77000046,33.09000015,32.34000015,33.04000092,9579700,0.933334351,0.823925706,Negative,Positive,Positive,0,Negative
14/04/2021,32.95000076,33.61000061,32.90999985,33.20000076,7798500,0.414286571,0.758725324,Negative,Negative,Positive,0,Negative
15/04/2021,33.49000168,33.81999969,33.29000092,33.61999893,7402600,0.622639201,0.388167354,Positive,Negative,Positive,0,Negative
16/04/2021,33.84000015,34.27000046,33.79000092,33.97999954,7281600,0.39583085,0.413709778,Negative,Positive,Positive,20,Positive
19/04/2021,33.79999924,34.04000092,33.59999847,33.70000076,7808600,0.227276668,-0.29585348,Positive,Negative,Negative,0,Positive
20/04/2021,33.86000061,34.02999878,33.25,33.36999893,8219500,0.153845025,-1.447140194,Positive,Negative,Negative,0,Negative
21/04/2021,33.27000046,34.00999832,33.20000076,33.90000153,6392100,0.864201078,1.89360102,Negative,Positive,Positive,0,Positive
22/04/2021,34.02000046,34.29999924,33.74000168,33.77000046,7579700,0.053569482,-0.734861836,Negative,Positive,Negative,21,Negative
23/04/2021,33.86999893,34.61000061,33.74000168,34.41999817,6192800,0.781606121,1.623853718,Positive,Negative,Positive,0,Positive
26/04/2021,34.5,34.84999847,34.24000168,34.33000183,5311400,0.147542009,-0.492748316,Negative,Positive,Negative,0,Negative
27/04/2021,34.38000107,34.70000076,34.27999878,34.43000031,6578900,0.357144803,0.145431168,Negative,Positive,Positive,26,Positive
28/04/2021,34.43000031,34.49000168,34.06999969,34.31999969,6245600,0.595235284,-0.319490588,Negative,Positive,Negative,22,Negative
29/04/2021,34.61999893,34.86999893,34.20999908,34.70000076,7533400,0.742426957,0.231085597,Positive,Positive,Positive,0,Positive
30/04/2021,34.56999969,34.61000061,33.90999985,34.11000061,8807800,0.285715064,-1.330630861,Negative,Negative,Negative,0,Negative
03/05/2021,34.33000183,34.63999939,34.11000061,34.47999954,6234900,0.6981128,0.436928934,Negative,Positive,Positive,0,Positive
04/05/2021,34.25,34.38000107,33.63000107,33.95999908,8884100,0.439997355,-0.846718002,Positive,Negative,Negative,0,Negative
05/05/2021,34.24000168,34.68999863,34.24000168,34.45000076,5498700,0.466667797,0.613315053,Positive,Negative,Positive,27,Negative
06/05/2021,34.41999817,35,34.20000076,34.97999954,5583900,0.974999404,1.626965146,Negative,Negative,Positive,0,Negative
07/05/2021,34.99000168,35.59000015,34.81000137,35.56999969,6796400,0.974358347,1.657610713,Negative,Negative,Positive,30,Positive
10/05/2021,35.88999939,36,35.22999954,35.25,7745900,0.025974605,-1.783224855,Negative,Positive,Negative,14,Positive
11/05/2021,34.52000046,34.59999847,33.24000168,33.59000015,11388800,0.257352426,-2.694091231,Negative,Positive,Negative,0,Positive
12/05/2021,33.25,33.36999893,31.77000046,31.95000076,12679900,0.112500298,-3.909772142,Positive,Negative,Negative,0,Negative
13/05/2021,32,32.65000153,31.94000053,32.38999939,10282600,0.63380032,1.218748093,Negative,Negative,Positive,10,Negative
14/05/2021,32.65999985,33.18999863,32.33000183,32.91999817,7289600,0.68604481,0.796075697,Negative,Negative,Positive,0,Negative
17/05/2021,32.74000168,33.13000107,32.38000107,33.04000092,8442400,0.879999797,0.916307946,Positive,Negative,Positive,11,Positive
18/05/2021,33.06999969,33.06999969,32.31000137,32.34000015,7568100,0.039472165,-2.207437402,Positive,Negative,Negative,12,Positive
19/05/2021,31.75,31.87000084,31.21999931,31.79999924,10975200,0.89230548,0.157477912,Positive,Negative,Positive,20,Negative
20/05/2021,31.97999954,32.20999908,31.56999969,32.04000092,7495100,0.734377608,0.187621558,Negative,Positive,Positive,34,Positive
21/05/2021,32.25999832,32.43999863,31.62999916,31.65999985,8679900,0.037037909,-1.859883774,Negative,Negative,Negative,22,Negative
24/05/2021,32.88999939,32.88999939,32.11999893,32.31000137,8591600,0.246756271,-1.763447939,Negative,Negative,Negative,0,Positive
25/05/2021,32.5,32.79999924,31.80999947,31.86000061,9366000,0.050506218,-1.969228891,Negative,Negative,Negative,51,Negative
26/05/2021,31.95000076,32.18999863,31.77000046,32.16999817,10337500,0.952379655,0.688567764,Negative,Positive,Positive,31,Positive
27/05/2021,32.43000031,32.52000046,31.84000015,32.09999847,24469000,0.382350301,-1.017581955,Positive,Negative,Negative,0,Positive
28/05/2021,30.45999908,30.59000015,29.06999969,29.22999954,36879400,0.105263026,-4.03808135,Negative,Negative,Negative,87,Negative
01/06/2021,29.71999931,29.96999931,29.37999916,29.86000061,15438700,0.813561569,0.471067632,Negative,Negative,Positive,0,Positive
02/06/2021,29.81999969,30.18000031,29.70000076,29.78000069,11186100,0.166666667,-0.134134838,Positive,Positive,Negative,0,Negative
03/06/2021,29.60000038,30.09000015,29.56999969,29.93000031,8983200,0.692308257,1.114864593,Negative,Negative,Positive,0,Negative
04/06/2021,30.04999924,30.80999947,30.04999924,30.62999916,11233700,0.763157565,1.930116268,Positive,Negative,Positive,0,Positive
07/06/2021,30.79999924,30.88999939,30.21999931,30.54999924,9071500,0.492537143,-0.811688332,Negative,Positive,Negative,0,Positive
08/06/2021,30.47999954,30.59000015,29.92000008,30.42000008,10084900,0.746268572,-0.196848644,Positive,Negative,Negative,0,Positive
09/06/2021,30.60000038,30.60000038,29.87999916,30.04999924,12472800,0.236110817,-1.797389338,Negative,Negative,Negative,0,Positive
10/06/2021,30.34000015,30.45000076,29.93000031,29.96999931,7948000,0.076921102,-1.219514955,Negative,Positive,Negative,0,Negative
11/06/2021,29.85000038,30.20000076,29.85000038,30.07999992,11422000,0.657140833,0.77051772,Positive,Positive,Positive,0,Positive
14/06/2021,30.04000092,30.12000084,29.14999962,29.38999939,12610900,0.247422133,-2.163786638,Negative,Positive,Negative,0,Negative
15/06/2021,29.45999908,29.72999954,29.44000053,29.59000015,8406000,0.517241833,0.441279946,Negative,Negative,Positive,0,Positive
16/06/2021,29.30999947,29.55999947,28.94000053,29.03000069,12431900,0.145161787,-0.955301209,Positive,Positive,Negative,0,Positive
17/06/2021,29.09000015,29.25,28.12000084,28.63999939,12545500,0.46017605,-1.546925956,Negative,Positive,Negative,0,Negative
18/06/2021,28.12999916,28.73999977,28.02000046,28.67000008,25007000,0.902778109,1.919662039,Negative,Negative,Positive,0,Negative
21/06/2021,28.89999962,29.47999954,28.84000015,29.20999908,9318400,0.578123882,1.072662526,Positive,Positive,Positive,0,Positive
22/06/2021,29.22999954,29.27000046,28.78000069,29.13999939,8631800,0.734691574,-0.307903366,Negative,Negative,Negative,0,Negative
23/06/2021,29.18000031,29.51000023,28.95999908,29.20000076,7914000,0.43636578,0.068541664,Negative,Positive,Positive,0,Negative
24/06/2021,29.5,29.51000023,29.11000061,29.46999931,6270700,0.899997616,-0.101697243,Negative,Negative,Negative,0,Negative
25/06/2021,29.39999962,29.92000008,29.37000084,29.70999908,17050100,0.618179485,1.054419966,Positive,Negative,Positive,0,Negative
28/06/2021,29.76000023,30.03000069,29.63999939,29.80999947,6570000,0.435896182,0.168008188,Negative,Positive,Positive,0,Negative
29/06/2021,29.95000076,30.31999969,29.79000092,30.13999939,7779100,0.660376,0.63438605,Negative,Negative,Positive,0,Negative
